"ID"	"Surname"	"Given"	"IntlWW40"	"IntlWW50"	"IntlWW60"
"ICUS0001"	"Aalami"	"Bijan"	NA	NA	NA
"ICUS0002"	"Abas"	"Syed Jan"	NA	NA	NA
"ICUS0003"	"Abe"	"Masao"	NA	NA	NA
"ICUS0004"	"Abel"	"Robert Berger"	NA	NA	NA
"ICUS0005"	"Abeles"	"Tom"	NA	NA	NA
"ICUS0006"	"Abidi"	"Syed"	NA	NA	NA
"ICUS0007"	"Abouegl"	"M.I."	NA	NA	NA
"ICUS0008"	"Accardi"	"Luigi"	NA	NA	NA
"ICUS0009"	"Achenbaum"	"W. Andrew"	NA	NA	NA
"ICUS0010"	"Achuthan"	"Radh"	NA	NA	NA
"ICUS0011"	"Ackoff"	"Russell L."	NA	NA	NA
"ICUS0012"	"Adadevoh"	"B. Kwaku"	NA	NA	NA
"ICUS0013"	"Adams"	"Raymond D."	NA	NA	NA
"ICUS0014"	"Aderele"	"C.O."	NA	NA	NA
"ICUS0015"	"Adjangba"	"Anoumou M."	NA	NA	NA
"ICUS0016"	"Adler"	"Cyrus"	NA	NA	NA
"ICUS0017"	"Adler"	"Howard"	NA	NA	NA
"ICUS0018"	"Adrian"	"Edgar Douglas"	"B1889-11-30"	NA	NA
"ICUS0019"	"Afghan"	"Naim"	NA	NA	NA
"ICUS0020"	"Afheldt"	"Horst"	NA	NA	NA
"ICUS0021"	"Agassi"	"Joseph"	NA	NA	NA
"ICUS0022"	"Agazzi"	"Evandro"	NA	NA	NA
"ICUS0023"	"Aguirre"	"Carlos"	NA	NA	NA
"ICUS0024"	"Ahlstrom"	"Sydney E."	NA	NA	NA
"ICUS0025"	"Ahmad"	"Anis"	NA	NA	NA
"ICUS0026"	"Ahmad"	"Israr"	NA	NA	NA
"ICUS0027"	"Ahmad"	"Khurshid"	NA	NA	NA
"ICUS0028"	"Ahmed"	"Ziadeen"	NA	NA	NA
"ICUS0029"	"Ahn"	"Byung Uk"	NA	NA	NA
"ICUS0030"	"Aida"	"Shuhei"	NA	NA	NA
"ICUS0031"	"Aijmer"	"Goran L."	NA	NA	NA
"ICUS0032"	"Ajayi"	"Jacob Festus Ade"	NA	NA	NA
"ICUS0033"	"Ajmal"	"Mohammad"	NA	NA	NA
"ICUS0034"	"Akamatsu"	"Norio"	NA	NA	NA
"ICUS0035"	"Aki"	"Koichi"	NA	NA	NA
"ICUS0036"	"Ákos"	"Károly"	NA	NA	NA
"ICUS0037"	"Al-Faruqi"	"Isma'il R."	NA	NA	NA
"ICUS0038"	"Alavi"	"Khalid"	NA	NA	NA
"ICUS0039"	"Albornoz"	"Orlando"	NA	NA	NA
"ICUS0040"	"Aleandri"	"G."	NA	NA	NA
"ICUS0041"	"Alexander"	"Benjamin Harold"	NA	NA	NA
"ICUS0042"	"Alexander"	"Gary"	NA	NA	NA
"ICUS0043"	"Alfian"	""	NA	NA	NA
"ICUS0044"	"Ali"	"M. Shamsher"	NA	NA	NA
"ICUS0045"	"Abou-Ali"	"Sultan"	NA	NA	NA
"ICUS0046"	"Ali"	"Syed Ausaf"	NA	NA	NA
"ICUS0047"	"Alippi"	"Adriano"	NA	NA	NA
"ICUS0048"	"Allegra"	"L."	NA	NA	NA
"ICUS0049"	"Allen"	"Robert"	NA	NA	NA
"ICUS0050"	"Allen"	"Wayne E."	NA	NA	NA
"ICUS0051"	"Allshouse"	"Merle F."	NA	NA	NA
"ICUS0052"	"Mashuq Ally"	"Muhammad"	NA	NA	NA
"ICUS0053"	"Al-Nowaihi"	"Mohamed"	NA	NA	NA
"ICUS0054"	"Alonso"	"Marcelo"	NA	NA	NA
"ICUS0055"	"Alpert"	"Seymour S."	NA	NA	NA
"ICUS0056"	"Alvarez"	"Alfred"	NA	NA	NA
"ICUS0057"	"Alvarino"	"Angeles"	NA	NA	NA
"ICUS0058"	"Alves"	"Rubern Azevedo"	NA	NA	NA
"ICUS0059"	"Amado"	"Adela"	NA	NA	NA
"ICUS0060"	"Amaldass"	"Anand"	NA	NA	NA
"ICUS0061"	"Amaya"	"Victor"	NA	NA	NA
"ICUS0062"	"Ambrus"	"Julian L."	NA	NA	NA
"ICUS0063"	"Amin-Arsala"	"Betsy"	NA	NA	NA
"ICUS0064"	"Amon d'Aby"	"François Joseph"	NA	NA	NA
"ICUS0065"	"An"	"Byung-chul"	NA	NA	NA
"ICUS0066"	"Ananda"	"W."	NA	NA	NA
"ICUS0067"	"Anantharaman"	"Tanjore R."	NA	NA	NA
"ICUS0068"	"Anderson"	"Gordon L."	NA	NA	NA
"ICUS0069"	"Andersson"	"Gunnar"	NA	NA	NA
"ICUS0070"	"Anderson"	"Orvil Roger"	NA	NA	NA
"ICUS0071"	"Ando"	"Nisuke"	NA	NA	NA
"ICUS0072"	"Andreski"	"Stanislav"	NA	NA	NA
"ICUS0073"	"Ang"	"Edwin"	NA	NA	NA
"ICUS0074"	"Angst"	"Walter"	NA	NA	NA
"ICUS0075"	"Ansre"	"Gilbert"	NA	NA	NA
"ICUS0076"	"Antar"	"Ibrahim"	NA	NA	NA
"ICUS0077"	"Aoki"	"Toshio"	NA	NA	NA
"ICUS0078"	"Aranson"	"Peter H."	NA	NA	NA
"ICUS0079"	"Arensberg"	"Conrad M."	NA	NA	NA
"ICUS0080"	"Argyros"	"Alexander J."	NA	NA	NA
"ICUS0081"	"Ariffin"	"Jamilah"	NA	NA	NA
"ICUS0082"	"Arndt"	"Walter W."	NA	NA	NA
"ICUS0083"	"Arrowsmith"	"William"	NA	NA	NA
"ICUS0084"	"Artyushkov"	"Evgeniĭ Viktorovich"	NA	NA	NA
"ICUS0085"	"Arul"	"Benedict Victor"	NA	NA	NA
"ICUS0086"	"Arunachalam"	"Subbiah"	NA	NA	NA
"ICUS0087"	"Arungu-Olende"	"Shem"	NA	NA	NA
"ICUS0088"	"Assaf"	"Gad"	NA	NA	NA
"ICUS0089"	"Assousa"	"George E."	NA	NA	NA
"ICUS0090"	"Atalay"	"Bülent"	NA	NA	NA
"ICUS0091"	"Atalay"	"Michael"	NA	NA	NA
"ICUS0092"	"Atchley"	"Robert C."	NA	NA	NA
"ICUS0093"	"Atsumi"	"Kazuhiko"	NA	NA	NA
"ICUS0094"	"Atwal"	"Avtar S."	NA	NA	NA
"ICUS0095"	"Auger"	"Pierre"	"B1899-05-14"	"B1899-05-14"	NA
"ICUS0096"	"David"	"Austin"	NA	NA	NA
"ICUS0097"	"Avalos"	"Beatrice"	NA	NA	NA
"ICUS0098"	"Axel"	"Larry"	NA	NA	NA
"ICUS0099"	"Axelrod"	"Julius"	"B1912-05-30"	"B1912-05-30"	"B1912-05-30"
"ICUS0100"	"Ayala"	"Francisco Jose"	NA	"B1934-03-12"	"B1934-03-12"
"ICUS0101"	"Ayala"	"Jamie"	NA	NA	NA
"ICUS0102"	"Ayandele"	"Emmanuel Ayankanmi"	NA	NA	NA
"ICUS0103"	"Ayman"	"Iraj"	NA	NA	NA
"ICUS0104"	"Ayres"	"Robert U."	NA	NA	NA
"ICUS0105"	"Abdul Aziz"	"Ungku"	"B1922-01-28"	"B1922-01-28"	"B1922-01-28"
"ICUS0106"	"Azorín Poch"	"Francisco"	NA	NA	NA
"ICUS0107"	"Badham"	"Paul"	NA	NA	NA
"ICUS0108"	"Badr"	"Gamal Moursi"	NA	NA	NA
"ICUS0109"	"Badran"	"Adnan"	NA	NA	NA
"ICUS0110"	"Bae"	"Jong Ho"	NA	NA	NA
"ICUS0111"	"Baelz"	"Peter"	NA	NA	NA
"ICUS0112"	"Baer"	"Werner"	NA	NA	NA
"ICUS0113"	"Bahm"	"Archie J."	NA	NA	NA
"ICUS0114"	"Baick"	"Daihyen"	NA	NA	NA
"ICUS0115"	"Baier"	"Kurt Erich"	NA	NA	NA
"ICUS0116"	"Bakar"	"Osman Bin"	NA	NA	NA
"ICUS0117"	"Baker"	"Paul Thornell"	NA	NA	"B1927-02-28"
"ICUS0118"	"Balasubramanian"	"Rajangam"	NA	NA	NA
"ICUS0119"	"Barash"	"David Philip"	NA	NA	NA
"ICUS0120"	"Barba-Negra"	"Paul"	NA	NA	NA
"ICUS0121"	"Barber"	"Richard L."	NA	NA	NA
"ICUS0122"	"Bardis"	"Panos Demetrios"	NA	NA	"B1923-09-24"
"ICUS0123"	"Bardos"	"Thomas J."	NA	NA	NA
"ICUS0124"	"Bar-Hillel"	"Yehoshua"	NA	NA	NA
"ICUS0125"	"Barkenbus"	"Jack"	NA	NA	NA
"ICUS0126"	"Barker"	"Eileen V."	NA	NA	NA
"ICUS0127"	"Barnés de Castro"	"Francisco José"	NA	NA	NA
"ICUS0128"	"Barnhouse"	"Ruth Tiffany"	NA	NA	NA
"ICUS0129"	"Bartley III"	"William Warren"	NA	NA	NA
"ICUS0130"	"Barton"	"Derek Harold Richard"	"B1918-09-08"	"B1918-09-08"	"B1918-09-08"
"ICUS0131"	"Bascom"	"Willard"	NA	NA	NA
"ICUS0132"	"Basile"	"Joseph"	NA	NA	NA
"ICUS0133"	"Basmajian"	"John Varoujan"	NA	NA	NA
"ICUS0134"	"Bassand"	"Michel"	NA	NA	NA
"ICUS0135"	"Bassani"	"Luigi Marco"	NA	NA	NA
"ICUS0136"	"Bastin"	"Ted"	NA	NA	NA
"ICUS0137"	"Basu"	"Arabinda"	NA	NA	NA
"ICUS0138"	"Bateson"	"Mary Catherine"	NA	NA	NA
"ICUS0139"	"Bauer"	"Henry Hermann"	NA	NA	NA
"ICUS0140"	"Bauer"	"Mariano"	NA	NA	NA
"ICUS0141"	"Baughman"	"James A."	NA	NA	NA
"ICUS0142"	"Baum"	"Robert J."	NA	NA	NA
"ICUS0143"	"Baum"	"Samuel"	NA	NA	NA
"ICUS0144"	"Baum"	"Werner A."	NA	NA	NA
"ICUS0145"	"Beadle"	"George Wells"	"B1903-10-22"	"B1903-10-22"	NA
"ICUS0146"	"Beamish"	"Robert E."	NA	NA	NA
"ICUS0147"	"Beauchamp"	"Edward Robert"	NA	NA	NA
"ICUS0148"	"Beck"	"A."	NA	NA	NA
"ICUS0149"	"Beck"	"Michael"	NA	NA	NA
"ICUS0150"	"Beck"	"Robert N."	NA	NA	NA
"ICUS0151"	"Becker"	"Carl B."	NA	NA	NA
"ICUS0152"	"Becker"	"Werner"	NA	NA	NA
"ICUS0153"	"Bedaux"	"Jan Baptist"	NA	NA	NA
"ICUS0154"	"Behar"	"Nansen Alfred"	NA	NA	NA
"ICUS0155"	"Bekenstein"	"Jacob David"	NA	NA	NA
"ICUS0156"	"Beltrametti"	"Enrico G."	NA	NA	NA
"ICUS0157"	"Ben Aboud"	"El Mehdi"	NA	NA	NA
"ICUS0158"	"Benben"	"John S."	NA	NA	NA
"ICUS0159"	"Ben-Dak"	"Joseph D."	NA	NA	NA
"ICUS0160"	"Benedictow"	"Ole Jørgen"	NA	NA	NA
"ICUS0161"	"Bennett"	"John Makepeace"	NA	NA	NA
"ICUS0162"	"Bennis"	"Warren G."	NA	NA	NA
"ICUS0163"	"Benson"	"Bruce Lowell"	NA	NA	NA
"ICUS0164"	"Berenbaum"	"Michael"	NA	NA	NA
"ICUS0165"	"Bergan"	"Tom"	NA	NA	NA
"ICUS0166"	"Berger"	"Arthur Seymour"	NA	NA	NA
"ICUS0167"	"Berger"	"René"	NA	NA	NA
"ICUS0168"	"Bergman"	"William L."	NA	NA	NA
"ICUS0169"	"Berkowitz"	"Morris I."	NA	NA	NA
"ICUS0170"	"Berleant"	"Arnold"	NA	NA	NA
"ICUS0171"	"Bernardi"	"Bernardo"	NA	NA	NA
"ICUS0172"	"Berndt"	"Thomas J."	NA	NA	NA
"ICUS0173"	"Bernholz"	"Peter"	NA	NA	NA
"ICUS0174"	"Berry"	"Richard Stephen"	NA	"B1931-04-09"	"B1931-04-09"
"ICUS0175"	"Berthoin"	"Georges Paul"	"B1925-05-17"	"B1925-05-17"	"B1925-05-17"
"ICUS0176"	"Bertola"	"Francesco"	NA	NA	NA
"ICUS0177"	"Bettis"	"Joseph Dabney"	NA	NA	NA
"ICUS0178"	"Bettis"	"Lynne Masland"	NA	NA	"B"
"ICUS0179"	"Bey"	"Arifin"	NA	NA	NA
"ICUS0180"	"Bhargava"	"Purushottam Lal"	NA	NA	NA
"ICUS0181"	"Bhattacharyya"	"Asit Kumar"	NA	NA	NA
"ICUS0182"	"Bhiday"	"Madhav Ramchandra"	NA	NA	NA
"ICUS0183"	"Bianchi"	"Henri"	NA	NA	NA
"ICUS0184"	"Bianco"	"Rosaria Egidi"	NA	NA	NA
"ICUS0185"	"Bilaniuk"	"Petro Borys Tereshkowych"	NA	NA	NA
"ICUS0186"	"Ahmat"	"Sharom"	NA	NA	NA
"ICUS0187"	"Binder"	"Leonard"	NA	NA	NA
"ICUS0188"	"Binner"	"Walter"	NA	NA	NA
"ICUS0189"	"Birsel"	"Mahmut Tevfik"	NA	NA	NA
"ICUS0190"	"Bisnovatyi-Kogan"	"Guennadi Semenovich"	NA	NA	NA
"ICUS0191"	"Bissery"	"Jacqueline"	NA	NA	NA
"ICUS0192"	"Bitterman"	"Morton Edward"	NA	NA	NA
"ICUS0193"	"Bitton-Jackson"	"Livia"	NA	NA	NA
"ICUS0194"	"Björk"	"Sven"	NA	NA	NA
"ICUS0195"	"Blackmore"	"John Thomas"	NA	NA	NA
"ICUS0196"	"Blanco"	"Jose C."	NA	NA	NA
"ICUS0197"	"Blank"	"Robert H."	NA	NA	NA
"ICUS0198"	"Blegvad"	"Mogens"	NA	NA	"B1917-06-25"
"ICUS0199"	"Block"	"Stanley M."	NA	NA	NA
"ICUS0200"	"Block"	"Walter"	NA	NA	NA
"ICUS0201"	"Blong"	"Clair K."	NA	NA	NA
"ICUS0202"	"Bloom"	"Alfred"	NA	NA	NA
"ICUS0203"	"Blumenfeld"	"Hans"	NA	NA	NA
"ICUS0204"	"Blystone"	"Jasper John"	NA	NA	NA
"ICUS0205"	"Boardman"	"Harry"	NA	NA	NA
"ICUS0206"	"Bobrow"	"Sue Berryman"	NA	NA	NA
"ICUS0207"	"Bocking"	"Brian Christopher"	NA	NA	NA
"ICUS0208"	"Bogdan"	"Radu I.C."	NA	NA	NA
"ICUS0209"	"Boh"	"Katja"	NA	NA	NA
"ICUS0210"	"Bokadia"	"M.M."	NA	NA	NA
"ICUS0211"	"Bokamba"	"Eyamba Georges"	NA	NA	NA
"ICUS0212"	"Bolin"	"Nona R."	NA	NA	NA
"ICUS0213"	"Bonardel"	"Francoise"	NA	NA	NA
"ICUS0214"	"Boné"	"Edouard"	NA	NA	NA
"ICUS0215"	"Bonifazi"	"Conrad"	NA	NA	NA
"ICUS0216"	"Bonnier"	"Henry"	NA	NA	NA
"ICUS0217"	"Bookstein"	"Fred L."	NA	NA	NA
"ICUS0218"	"Bopape"	"Moses"	NA	NA	NA
"ICUS0219"	"Borowski"	"Karol H."	NA	NA	NA
"ICUS0220"	"Borrero"	"Alfonso"	NA	NA	NA
"ICUS0221"	"Boslooper"	"Thomas David"	NA	NA	NA
"ICUS0222"	"Botchway"	"Francis A."	NA	NA	NA
"ICUS0223"	"Boucher"	"Jerry D."	NA	NA	NA
"ICUS0224"	"Boudon"	"Raymond"	NA	NA	NA
"ICUS0225"	"Boutin"	"Maurice"	NA	NA	NA
"ICUS0226"	"Boyer"	"Alain"	NA	NA	NA
"ICUS0227"	"Brabazon"	"Kevin"	NA	NA	NA
"ICUS0228"	"Brady"	"Joseph Vincent"	NA	NA	NA
"ICUS0229"	"Brainerd"	"Charles J."	NA	NA	NA
"ICUS0230"	"Brante"	"Thomas"	NA	NA	NA
"ICUS0231"	"Brasted"	"Robert Crocker"	NA	NA	NA
"ICUS0232"	"Brattain"	"Walter Houser"	"B1902-02-10"	"B1902-02-10"	NA
"ICUS0233"	"Brennan-Reith"	"Nancy"	NA	NA	NA
"ICUS0234"	"Breytenbach"	"Willie J."	NA	NA	NA
"ICUS0235"	"Briscoe"	"Anne M."	NA	NA	NA
"ICUS0236"	"Briskman"	"Laurence Barry"	NA	NA	NA
"ICUS0237"	"Brisson"	"Marcelle"	NA	NA	NA
"ICUS0238"	"Broady"	"Maurice"	NA	NA	NA
"ICUS0239"	"Brockelman"	"Warren Y."	NA	NA	NA
"ICUS0240"	"Brodeur"	"Jean-Paul"	NA	NA	NA
"ICUS0241"	"Brody"	"Eugene Bloom"	NA	NA	NA
"ICUS0242"	"Brøgger"	"Jan"	NA	NA	NA
"ICUS0243"	"Bronte"	"Lydia"	NA	NA	NA
"ICUS0244"	"Bronwell"	"Arthur B."	NA	NA	NA
"ICUS0245"	"Brooks"	"Peter Newman"	NA	NA	NA
"ICUS0246"	"Brown"	"Edwin W."	NA	NA	NA
"ICUS0247"	"Brown"	"Gladstone L."	NA	NA	NA
"ICUS0248"	"Brown"	"Joseph Epes"	NA	NA	NA
"ICUS0249"	"Bruch"	"Lucille Capra"	NA	NA	NA
"ICUS0250"	"Zum Brunn"	"Emilie"	NA	NA	NA
"ICUS0251"	"Brunner"	"Karl"	NA	NA	NA
"ICUS0252"	"Bryant"	"Marcus Darrol"	NA	NA	NA
"ICUS0253"	"Bucher"	"Rue"	NA	NA	NA
"ICUS0254"	"Buchholtzer"	"Guy Pierre"	NA	NA	NA
"ICUS0255"	"Buckley"	"Walter Frederick"	NA	NA	NA
"ICUS0256"	"Burić"	"Olivera"	NA	NA	NA
"ICUS0257"	"Burr"	"Ronald"	NA	NA	NA
"ICUS0258"	"Butler"	"Clark Wade"	NA	NA	NA
"ICUS0259"	"Butler"	"Gordon Cecil"	NA	NA	NA
"ICUS0260"	"Butr-Indr"	"Siddhi"	NA	NA	NA
"ICUS0261"	"Butros"	"Albert Jamil"	NA	NA	"B1934-03-25"
"ICUS0262"	"Byaruhanga-Akiiki"	"A.B.T."	NA	NA	NA
"ICUS0263"	"Byers"	"Paul"	NA	NA	NA
"ICUS0264"	"Byrne"	"Richard B."	NA	NA	NA
"ICUS0265"	"Zubkova (Bytchikhina)"	"Luba"	NA	NA	NA
"ICUS0266"	"Camara"	"Sory"	NA	NA	NA
"ICUS0267"	"Cannistraro"	"Philip V."	NA	NA	NA
"ICUS0268"	"Cantore"	"Enrico"	NA	NA	NA
"ICUS0269"	"Capone"	"Donald L."	NA	NA	NA
"ICUS0270"	"Caponigri"	"Aloysius Robert"	NA	NA	NA
"ICUS0271"	"Cappelletti"	"Vincenzo"	NA	NA	NA
"ICUS0272"	"Cardwell"	"Donald Stephen Lowell"	NA	NA	"B1919-08-04"
"ICUS0273"	"Carisse"	"Colette"	NA	NA	NA
"ICUS0274"	"Carlson"	"David Allen"	NA	NA	NA
"ICUS0275"	"Carney"	"Frederick Smith"	NA	NA	NA
"ICUS0276"	"Carney"	"Kim"	NA	NA	NA
"ICUS0277"	"Carr"	"David T."	NA	NA	NA
"ICUS0278"	"Carreras"	"Francisco J."	NA	NA	NA
"ICUS0279"	"Carrillo-Flores"	"Antonio"	NA	NA	NA
"ICUS0280"	"Carter"	"Robert Edgar"	NA	NA	NA
"ICUS0281"	"Caspari"	"Ernst Wolfgang"	NA	NA	NA
"ICUS0282"	"Cassel"	"Dieter"	NA	NA	NA
"ICUS0283"	"Cassidy"	"Harold Gomes"	NA	NA	NA
"ICUS0284"	"Castaneda"	"Hector-Neri"	NA	NA	NA
"ICUS0285"	"Castuera"	"Ignacio"	NA	NA	NA
"ICUS0286"	"Catterberg"	"Edgardo Raúl"	NA	NA	NA
"ICUS0287"	"Cavanaugh"	"Michael A."	NA	NA	NA
"ICUS0288"	"Caws"	"Peter J."	NA	NA	NA
"ICUS0289"	"Cernuschi"	"Félix"	NA	NA	NA
"ICUS0290"	"Chagas"	"Carlos"	"B1910-09-10"	"B1910-09-10"	"B1910-09-12"
"ICUS0291"	"Chain"	"Ernst Boris"	"B1906-06-19"	NA	NA
"ICUS0292"	"Chalmers"	"Alistair"	NA	NA	NA
"ICUS0293"	"Chance"	"Michael Robin Alexander"	NA	NA	NA
"ICUS0294"	"Chandrangarm"	"Saeng"	NA	NA	NA
"ICUS0295"	"Chandrasekhar"	"Bellur Sivaramiah"	NA	NA	NA
"ICUS0296"	"Chang"	"Byung-Kil"	NA	NA	NA
"ICUS0297"	"Chang"	"Ki-Kun"	NA	NA	NA
"ICUS0298"	"Chang"	"Sang-ho"	NA	NA	NA
"ICUS0299"	"Chao"	"Chin-Chi"	NA	NA	NA
"ICUS0300"	"Chappell"	"David Wellington"	NA	NA	NA
"ICUS0301"	"Chareonthaitewee"	"Pradit"	NA	NA	NA
"ICUS0302"	"Charles"	"Daniel Paul"	NA	NA	NA
"ICUS0303"	"Charon"	"Jean Émile"	NA	NA	NA
"ICUS0304"	"Châtel"	"Bertrand H."	NA	NA	NA
"ICUS0305"	"Chattergee"	"Margeret"	NA	NA	NA
"ICUS0306"	"Chaves"	"Eduardo Oscar de Campos"	NA	NA	NA
"ICUS0307"	"Checkland"	"Peter B."	NA	NA	NA
"ICUS0308"	"Cheek"	"John A."	NA	NA	NA
"ICUS0309"	"Cheek"	"Julia"	NA	NA	NA
"ICUS0310"	"Chen"	"Rolet Chih-Shih"	NA	NA	NA
"ICUS0311"	"Chen"	"Tsing-Fang"	NA	NA	NA
"ICUS0312"	"Cheng"	"Chung-Ying"	NA	NA	NA
"ICUS0313"	"Chin"	"Kyung Hee"	NA	NA	NA
"ICUS0314"	"Chitnis"	"Suma"	NA	NA	NA
"ICUS0315"	"Chiu"	"Hong-yee"	NA	NA	NA
"ICUS0316"	"Cho"	"Woo-Hyun"	NA	NA	NA
"ICUS0317"	"Choe"	"Yong-Tae"	NA	NA	NA
"ICUS0318"	"Choh"	"Soon-Tahk"	NA	NA	NA
"ICUS0319"	"Choi"	"Chang-Kyu"	NA	NA	NA
"ICUS0320"	"Choi"	"Kwang-Pil"	NA	NA	NA
"ICUS0321"	"Chomchai"	"Prachoom"	NA	NA	NA
"ICUS0322"	"Chou"	"Kyong-Chol"	NA	NA	NA
"ICUS0323"	"Chugthai"	"Muhammad Izazud Din"	NA	NA	NA
"ICUS0324"	"Chukbar"	"Konstantin V."	NA	NA	NA
"ICUS0325"	"Chuke"	"Paul Okwudili"	NA	NA	NA
"ICUS0326"	"Chun"	"Ok-Whan"	NA	NA	NA
"ICUS0327"	"Churchman"	"Charles West"	NA	NA	NA
"ICUS0328"	"Cicerone"	"Ralph John"	NA	NA	NA
"ICUS0329"	"Ciereszko"	"Leon Stanley"	NA	NA	NA
"ICUS0330"	"Clark"	"Francis"	NA	NA	NA
"ICUS0331"	"Clarke"	"William Norris"	NA	NA	NA
"ICUS0332"	"Clarnette"	"Warren"	NA	NA	NA
"ICUS0333"	"Clawson"	"Robert Marion"	NA	NA	NA
"ICUS0334"	"Clesse"	"Armand"	NA	NA	NA
"ICUS0335"	"Clube"	"Stace Victor Murray"	NA	NA	NA
"ICUS0336"	"Coates"	"Joseph Francis"	NA	NA	NA
"ICUS0337"	"Coates"	"Vary T."	NA	NA	NA
"ICUS0338"	"Coe"	"Kathryn"	NA	NA	NA
"ICUS0339"	"Coe"	"Richard M."	NA	NA	NA
"ICUS0340"	"Friedrich-Cofer"	"Lynette"	NA	NA	NA
"ICUS0341"	"Cogswell"	"Betty E."	NA	NA	NA
"ICUS0342"	"Cohen"	"Bernard Leonard"	NA	NA	NA
"ICUS0343"	"Cohen"	"Jerry J."	NA	NA	NA
"ICUS0344"	"Cohen"	"Karl P."	NA	NA	NA
"ICUS0345"	"Cohen"	"Mark Nathan"	NA	NA	NA
"ICUS0346"	"Cohn-Sherbok"	"Dan"	NA	NA	"B1945-02-01"
"ICUS0347"	"Colander"	"David Charles"	NA	NA	NA
"ICUS0348"	"Colavito"	"Maria Maddalena"	NA	NA	NA
"ICUS0349"	"Coleman"	"James Samuel"	"B1926-05-12"	"B1926-05-12"	NA
"ICUS0350"	"Collinson"	"John"	NA	NA	NA
"ICUS0351"	"Comănescu"	"Dan Cristian"	NA	NA	NA
"ICUS0352"	"Constandse"	"Adriaan Kees"	NA	NA	NA
"ICUS0353"	"Cook"	"Stephen L."	NA	NA	NA
"ICUS0354"	"Cooke"	"Brett"	NA	NA	NA
"ICUS0355"	"Cooper"	"James"	NA	NA	NA
"ICUS0356"	"Cooper"	"John W."	NA	NA	NA
"ICUS0357"	"Cooper"	"Leon Neil"	"B1930-02-28"	"B1930-02-28"	"B1930-02-28"
"ICUS0358"	"Copleston"	"Frederick Charles"	NA	"B1907-04-10"	NA
"ICUS0359"	"Cori"	"Carl Ferdinand"	"B1896-12-05"	NA	NA
"ICUS0360"	"Corson"	"Samuel Abraham"	NA	NA	NA
"ICUS0361"	"Cosijn"	"Gustaat P.A."	NA	NA	NA
"ICUS0362"	"Costa"	"Rubens Vaz da"	NA	NA	NA
"ICUS0363"	"Coughlan"	"Michael J."	NA	NA	NA
"ICUS0364"	"Coulomb"	"Jean"	"B1904-11-07"	"B1904-11-07"	"B1904-11-07"
"ICUS0365"	"Cournand"	"André Frédréric"	"B1895-09-24"	"B1895-09-24"	NA
"ICUS0366"	"Courtney"	"Charles"	NA	NA	NA
"ICUS0367"	"Cousineau Brutsche"	"Diane"	NA	NA	NA
"ICUS0368"	"Cousins"	"Ewert Hilary"	NA	NA	NA
"ICUS0369"	"Covian"	"Miguel Rolando"	NA	NA	NA
"ICUS0370"	"Covian"	"Roberto C."	NA	NA	NA
"ICUS0371"	"Cowan"	"James W."	NA	NA	NA
"ICUS0372"	"Cowan"	"Thomas Anthony"	NA	NA	NA
"ICUS0373"	"Cowen"	"Zelman"	NA	"B1919-10-07"	"B1919-10-07"
"ICUS0374"	"Cox"	"Gary"	NA	NA	NA
"ICUS0375"	"Cragg"	"Albert Kenneth"	NA	NA	NA
"ICUS0376"	"Crawford"	"S. Cromwell"	NA	NA	NA
"ICUS0377"	"Crawford Jr."	"Bryce Low"	"B1914-11-27"	"B1914-11-27"	"B1914-11-27"
"ICUS0378"	"Christian"	"Jane M."	NA	NA	NA
"ICUS0379"	"Criswell"	"David R."	NA	NA	NA
"ICUS0380"	"Crombie"	"Alistair Cameron"	NA	NA	NA
"ICUS0381"	"Cromwell"	"Norman H."	NA	NA	NA
"ICUS0382"	"Crosson"	"Frederick James"	NA	NA	NA
"ICUS0383"	"Crosthwaite"	"Roger"	NA	NA	NA
"ICUS0384"	"Csányi"	"Vilmos"	NA	NA	NA
"ICUS0385"	"Cuadra"	"Héctor"	NA	NA	NA
"ICUS0386"	"Cummings"	"Leslie P."	NA	NA	NA
"ICUS0387"	"Cummings"	"William K."	NA	NA	NA
"ICUS0388"	"Curzon-Price"	"Victoria"	NA	NA	NA
"ICUS0389"	"da Fonseca"	"José Simões"	NA	NA	NA
"ICUS0390"	"Dagum"	"Camilo"	NA	NA	NA
"ICUS0391"	"Dahl"	"Helmer H."	NA	NA	NA
"ICUS0392"	"Dalisay"	"Amando M."	NA	NA	NA
"ICUS0393"	"Damman"	"Sigrid"	NA	NA	NA
"ICUS0394"	"Danaraj"	"T. J."	NA	NA	NA
"ICUS0395"	"Danielli"	"James Frederic"	NA	NA	NA
"ICUS0396"	"D'Antonio"	"William V."	NA	NA	NA
"ICUS0397"	"Daudel"	"Raymond"	NA	NA	NA
"ICUS0398"	"Daugs"	"Donald Roger"	NA	NA	NA
"ICUS0399"	"Dave"	"Ravindra"	NA	NA	NA
"ICUS0400"	"David"	"Henry"	NA	NA	NA
"ICUS0401"	"David"	"William"	NA	NA	NA
"ICUS0402"	"Davies"	"Christie"	NA	NA	NA
"ICUS0403"	"Davies"	"David Arthur"	"B1913-11-11"	"B1913-11-11"	NA
"ICUS0404"	"Davies"	"P.M.C."	NA	NA	NA
"ICUS0405"	"Davis"	"George Kelso"	NA	NA	"B1910-07-02"
"ICUS0406"	"Dawe"	"Donald G."	NA	NA	NA
"ICUS0407"	"Dayton"	"Donald W."	NA	NA	NA
"ICUS0408"	"Wanderley"	"Milton de Barros"	NA	NA	NA
"ICUS0409"	"De Benedetti"	"Sergio"	NA	NA	NA
"ICUS0410"	"de Bie"	"Pierre"	NA	NA	NA
"ICUS0411"	"DeClaris"	"Nicholas"	NA	NA	NA
"ICUS0412"	"de Duve"	"Christian René"	"B1917-10-02"	"B1917-10-02"	"B1917-10-02"
"ICUS0413"	"Gaudeau"	"Claude"	NA	NA	NA
"ICUS0414"	"De Jasay"	"Anthony"	NA	NA	NA
"ICUS0415"	"Jouvenel"	"Hugues de"	NA	NA	NA
"ICUS0416"	"de la Tijera"	"Eduardo"	NA	NA	NA
"ICUS0417"	"Torre"	"Armando de la"	NA	NA	NA
"ICUS0418"	"DeLannoy"	"Jean-Louis"	NA	NA	NA
"ICUS0419"	"De Ment"	"Jack A."	NA	NA	NA
"ICUS0420"	"de Nicolas"	"Antonio T."	NA	NA	NA
"ICUS0421"	"de Reuck"	"Anthony Vivian Smith"	NA	NA	NA
"ICUS0422"	"de Reuck"	"K. Marjorie"	NA	NA	NA
"ICUS0423"	"De Silva"	"Padmasiri"	NA	NA	NA
"ICUS0424"	"De Alessi"	"Louis"	NA	NA	NA
"ICUS0425"	"Deepak"	"Adarsh"	NA	NA	NA
"ICUS0426"	"Batlle"	"Alcira María del Carmen"	NA	NA	NA
"ICUS0427"	"Campo Urbano"	"Salustiano del"	NA	NA	NA
"ICUS0428"	"Delchev"	"Yavor"	NA	NA	NA
"ICUS0429"	"Delgado"	"José Manuel Rodríguez"	NA	NA	NA
"ICUS0430"	"Demeny"	"Paul George"	NA	NA	NA
"ICUS0431"	"Dengler"	"Roman"	NA	NA	NA
"ICUS0432"	"Denhardt"	"Robert"	NA	NA	NA
"ICUS0433"	"Denman"	"Donald Robert"	NA	NA	NA
"ICUS0434"	"DePaula"	"Geraldine"	NA	NA	NA
"ICUS0435"	"DePryck"	"Koen"	NA	NA	NA
"ICUS0436"	"Deshpande"	"B.G."	NA	NA	NA
"ICUS0437"	"Deutsch"	"Eliot"	NA	NA	NA
"ICUS0438"	"Deutsch"	"Morton"	NA	NA	NA
"ICUS0439"	"Dewan"	"Madan Lal"	NA	NA	NA
"ICUS0440"	"Dickson"	"Kwesi Abotsia"	NA	NA	NA
"ICUS0441"	"Diop"	"Babaker"	NA	NA	NA
"ICUS0442"	"Dissanayake"	"Ellen"	NA	NA	NA
"ICUS0443"	"Djojohadikusumo"	"Sumitro"	"B1917-05-29"	"B1917-05-29"	NA
"ICUS0444"	"Dobriansky"	"Lev E."	NA	NA	NA
"ICUS0445"	"Dobrocheev"	"Oleg"	NA	NA	NA
"ICUS0446"	"Doby"	"John Thomas"	NA	NA	NA
"ICUS0447"	"Dobzhansky"	"Theodosius"	NA	NA	NA
"ICUS0448"	"Doebler"	"Matthias"	NA	NA	NA
"ICUS0449"	"Domash"	"Lawrence H."	NA	NA	NA
"ICUS0450"	"Donahue"	"Thomas Michael"	NA	"B1921-05-21"	"B1921-05-23"
"ICUS0451"	"Donchin"	"Anne"	NA	NA	NA
"ICUS0452"	"Donoso"	"Alvaro"	NA	"B1951"	NA
"ICUS0453"	"Dou"	"Alberto"	NA	NA	NA
"ICUS0454"	"Doub II"	"William Coligny"	NA	NA	NA
"ICUS0455"	"Dougherty"	"Jude Patrick"	NA	NA	NA
"ICUS0456"	"Doxiadis"	"Constantinos Apostolou"	NA	NA	NA
"ICUS0457"	"Drachkovitch"	"Milorad M."	NA	NA	NA
"ICUS0458"	"Dror"	"Rachel"	NA	NA	NA
"ICUS0459"	"Dror"	"Yehezkel"	NA	NA	NA
"ICUS0460"	"Dube"	"Shyama Charan"	NA	NA	NA
"ICUS0461"	"Dubois"	"Jacques"	"B1920-04-13"	"B1920-04-13"	"B1920-04-13"
"ICUS0462"	"Dufrenne"	"Mikel"	NA	NA	NA
"ICUS0463"	"Dukan"	"Laurent"	NA	NA	NA
"ICUS0464"	"Dunitz"	"Jack David"	NA	"B1923-03-29"	"B1923-03-29"
"ICUS0465"	"Dunn"	"James Robert"	NA	NA	NA
"ICUS0466"	"Dunn"	"Peter D."	NA	NA	NA
"ICUS0467"	"Dunstan"	"Gordon Reginald"	NA	"B1926-09-21"	"B1917-04-25"
"ICUS0468"	"Durand"	"Gilbert"	NA	NA	NA
"ICUS0469"	"Durst"	"Mose"	NA	NA	NA
"ICUS0470"	"Dutton"	"Denis"	NA	NA	NA
"ICUS0471"	"Dwyer"	"Denis John"	NA	NA	NA
"ICUS0472"	"Dy Jr"	"Manuel B."	NA	NA	NA
"ICUS0473"	"Dyckman"	"John W."	NA	NA	NA
"ICUS0474"	"Easterlin"	"Nancy"	NA	NA	NA
"ICUS0475"	"Eaton"	"David"	NA	NA	NA
"ICUS0476"	"Ebenegger"	"Christian"	NA	NA	NA
"ICUS0477"	"Eby"	"Lloyd"	NA	NA	NA
"ICUS0478"	"Eccles"	"John Carew"	"B1903-01-27"	"B1903-01-27"	"B1903-01-27"
"ICUS0479"	"Eccles"	"Lady Helena"	NA	NA	NA
"ICUS0480"	"Edgington"	"Dorothy"	NA	NA	NA
"ICUS0481"	"Edwards"	"Joshua L."	NA	NA	NA
"ICUS0482"	"Effat"	"Ragia Mohamed"	NA	NA	NA
"ICUS0483"	"Eigen"	"Manfred"	"B1927-05-09"	"B1927-05-09"	"B1927-05-09"
"ICUS0484"	"Elahwal"	"Abdel Karim Aly"	NA	NA	NA
"ICUS0485"	"Elaigwu"	"Jonah Isawa"	NA	NA	NA
"ICUS0486"	"Elbek"	"Bent"	NA	NA	NA
"ICUS0487"	"Eliach"	"Yaffa"	NA	NA	NA
"ICUS0488"	"Elinson"	"Jack"	NA	"B1917-06-30"	"B1917-06-30"
"ICUS0489"	"Ellison"	"Arthur James"	NA	NA	NA
"ICUS0490"	"Ellison"	"J. Audrey"	NA	NA	NA
"ICUS0491"	"Ellsaesser"	"Hugh W."	NA	NA	NA
"ICUS0492"	"Ellsaesser"	"Inge"	NA	NA	NA
"ICUS0493"	"Elsasser"	"Walter Maurice"	"B1904-03-20"	"B1904-03-20"	NA
"ICUS0494"	"Elzaburu Márquez"	"Fernando de"	NA	NA	NA
"ICUS0495"	"El-Zaim"	"Issam"	NA	NA	NA
"ICUS0496"	"Emenyonu"	"Ernest N."	NA	NA	NA
"ICUS0497"	"Emery"	"Frederick Edmund"	NA	NA	NA
"ICUS0498"	"Emery-Hellwig"	"Eric"	NA	NA	NA
"ICUS0499"	"Ensign"	"C. David"	NA	NA	NA
"ICUS0500"	"Enz"	"Charles Paul"	NA	NA	NA
"ICUS0501"	"Eraj"	"Yusuf Ali"	NA	NA	NA
"ICUS0502"	"Ercoli"	"N."	NA	NA	NA
"ICUS0503"	"Ericson"	"Richard Ferdinand"	NA	NA	NA
"ICUS0504"	"Esaki"	"Reona (Leo)"	"B1925-03-12"	"B1925-03-12"	"B1925-03-12"
"ICUS0505"	"Escobar"	"Alfonso"	NA	NA	NA
"ICUS0506"	"Esposito"	"Bruce J."	NA	NA	NA
"ICUS0507"	"Evans"	"N. Ray"	NA	NA	NA
"ICUS0508"	"Everett"	"A. Gordon"	NA	NA	NA
"ICUS0509"	"Fallding"	"Harold"	NA	NA	NA
"ICUS0510"	"Fallon"	"Timothy Patrick"	NA	NA	NA
"ICUS0511"	"Farmer"	"James Leonard"	"B1920-01-12"	"B1920-01-12"	"B1920-01-12"
"ICUS0512"	"Fateley"	"William Gene"	NA	NA	NA
"ICUS0513"	"Fedanzo Jr"	"Anthony J."	NA	NA	NA
"ICUS0514"	"Fei"	"John Ching-Han"	NA	NA	NA
"ICUS0515"	"Feinberg"	"Joel"	NA	NA	"B1926-10-19"
"ICUS0516"	"Feinendegen"	"Ludwig E."	NA	NA	"B1927-01-01"
"ICUS0517"	"Felt"	"James Wright"	NA	NA	NA
"ICUS0518"	"Fernando"	"Felix"	NA	NA	NA
"ICUS0519"	"Fernando"	"Sumana"	NA	NA	NA
"ICUS0520"	"Ferracuti"	"Franco"	NA	NA	NA
"ICUS0521"	"Ferrantello"	"Donna"	NA	NA	NA
"ICUS0522"	"Ferré"	"Frederick Pond"	NA	NA	NA
"ICUS0523"	"Ferrell"	"Donald R."	NA	NA	NA
"ICUS0524"	"Feyerabend"	"Paul Karl"	NA	NA	NA
"ICUS0525"	"Fichter"	"Joseph Henry"	NA	NA	NA
"ICUS0526"	"Filstead"	"William J."	NA	NA	NA
"ICUS0527"	"Finch"	"Henry Le Roy"	NA	NA	NA
"ICUS0528"	"Findlay"	"John Niemeyer"	NA	NA	NA
"ICUS0529"	"Fink"	"Richard Walter"	NA	NA	NA
"ICUS0530"	"Finkelman"	"Jacobo"	NA	NA	NA
"ICUS0531"	"Finkelstein"	"David Ritz"	NA	NA	NA
"ICUS0532"	"Finn"	"Edward J."	NA	NA	NA
"ICUS0533"	"Fishel"	"Simon"	NA	NA	NA
"ICUS0534"	"Fisher"	"David"	NA	NA	NA
"ICUS0535"	"Fleming"	"James Rodger"	NA	NA	NA
"ICUS0536"	"Flew"	"Antony Garrard Newton"	NA	NA	NA
"ICUS0537"	"Flinn"	"Frank K."	NA	NA	NA
"ICUS0538"	"Flouris"	"George"	NA	NA	NA
"ICUS0539"	"Fomenko"	"Anatoly Timofeevich"	NA	NA	"B1945-03-13"
"ICUS0540"	"Fong"	"Peter"	NA	NA	NA
"ICUS0541"	"Forchheimer"	"Robert"	NA	NA	NA
"ICUS0542"	"Ford"	"Hugh"	NA	"B1913-07-16"	"B1913-07-16"
"ICUS0543"	"Fornallaz"	"Pierre"	NA	NA	NA
"ICUS0544"	"Fornell"	"Claes"	NA	NA	NA
"ICUS0545"	"Forssmann"	"Werner Theodor Otto"	NA	NA	NA
"ICUS0546"	"Fort"	"Joel"	NA	NA	NA
"ICUS0547"	"Foster"	"A. Durwood"	NA	NA	NA
"ICUS0548"	"Foster"	"Richard B."	NA	NA	NA
"ICUS0549"	"Frankel"	"Charles"	NA	NA	"B1911-03-06"
"ICUS0550"	"Frankl"	"Viktor Emil"	NA	NA	NA
"ICUS0551"	"Fraser"	"Stewart Erskine"	NA	NA	NA
"ICUS0552"	"Frassetto"	"Roberto"	NA	NA	NA
"ICUS0553"	"Fridman"	"Alexei Maksimovich"	NA	NA	NA
"ICUS0554"	"Friedman"	"Jerome Isaac"	NA	NA	"B1930-03-28"
"ICUS0555"	"Friedman"	"Maurice Stanley"	NA	NA	NA
"ICUS0556"	"Fritzsch"	"Harald"	NA	NA	NA
"ICUS0557"	"Fritzsche"	"Helmut Gottfried"	NA	NA	NA
"ICUS0558"	"Fry"	"Michael Graham"	NA	NA	NA
"ICUS0559"	"Fu"	"Charles Wei-hsun"	NA	NA	NA
"ICUS0560"	"Fuchs"	"Wilhelm"	NA	NA	NA
"ICUS0561"	"Fucks"	"Wilhelm"	NA	NA	NA
"ICUS0562"	"Fujimoto"	"Takashi"	NA	NA	NA
"ICUS0563"	"Fujita"	"Tadashi"	NA	NA	NA
"ICUS0564"	"Fujiwara"	"Kikuo"	NA	NA	NA
"ICUS0565"	"Fukuchi"	"Takao"	NA	NA	NA
"ICUS0566"	"Fukuda"	"Nobuyuki"	NA	NA	NA
"ICUS0567"	"Fuller"	"Robert Works"	NA	NA	NA
"ICUS0568"	"Furuta"	"Takeshi"	NA	NA	NA
"ICUS0569"	"Fusamura"	"Nobuo"	NA	NA	NA
"ICUS0570"	"Gaba"	"Christian R."	NA	NA	NA
"ICUS0571"	"Gabor"	"Dennis"	"B1900-06-05"	NA	NA
"ICUS0572"	"Galantay"	"Ervin Y."	NA	NA	NA
"ICUS0573"	"Galaty"	"John G."	NA	NA	NA
"ICUS0574"	"Gallagher"	"Glen"	NA	NA	NA
"ICUS0575"	"Galperin"	"Charles"	NA	NA	NA
"ICUS0576"	"Gandhi"	"Ramchandra"	NA	NA	NA
"ICUS0577"	"Gangadean"	"Ashok Kumar"	NA	NA	NA
"ICUS0578"	"Chaban"	"Michèle Catherine Gantois"	NA	NA	NA
"ICUS0579"	"Gantt"	"William Horsley"	NA	NA	NA
"ICUS0580"	"Garay"	"Andrew S."	NA	NA	NA
"ICUS0581"	"Garcia"	"John David"	NA	NA	NA
"ICUS0582"	"Garcia-Colin"	"Leopoldo S."	NA	NA	NA
"ICUS0583"	"Gardner"	"Richard Newton"	NA	"B1927-07-09"	"B1927-07-09"
"ICUS0584"	"Garfinkle"	"Adam"	NA	NA	NA
"ICUS0585"	"Garrett"	"William Robertson"	NA	NA	NA
"ICUS0586"	"Garrido"	"Manuel"	NA	NA	NA
"ICUS0587"	"Gastpar"	"Helmuth"	NA	NA	NA
"ICUS0588"	"Gat"	"Joel Robert‏"	"B1926-02-17"	"B1926-02-17"	"B1926-02-17"
"ICUS0589"	"Gazzeri"	"Giovanni"	NA	NA	NA
"ICUS0590"	"Gbadegesin"	"Segun"	NA	NA	NA
"ICUS0591"	"Geffré"	"Claude"	NA	NA	NA
"ICUS0592"	"Geist"	"Valerius"	NA	NA	NA
"ICUS0593"	"Gelwick"	"Richard"	NA	NA	NA
"ICUS0594"	"Gendron"	"Pierre"	NA	NA	NA
"ICUS0595"	"Georgescu-Roegen"	"Nicholas"	NA	NA	NA
"ICUS0596"	"Gerholm"	"Tor Ragnar"	NA	NA	NA
"ICUS0597"	"Gessert"	"Robert A."	NA	NA	NA
"ICUS0598"	"Ghabbour"	"Samir Ibrahim"	NA	NA	NA
"ICUS0599"	"Gharaybeh"	"Abdul Kareem"	NA	NA	NA
"ICUS0600"	"Ghiselin"	"Michael T."	NA	NA	NA
"ICUS0601"	"Ghista"	"Dhanjoo N."	NA	NA	NA
"ICUS0602"	"Giampaoli"	"Michael"	NA	NA	NA
"ICUS0603"	"Giampietro"	"Mario"	NA	NA	NA
"ICUS0604"	"Gibrat"	"Robert"	NA	NA	NA
"ICUS0605"	"Gilkey"	"Gordon Waverly"	NA	NA	NA
"ICUS0606"	"Gislason"	"Gylfi Thorsteinsson"	"B1917-02-17"	"B1917-02-07"	"B1917-02-07"
"ICUS0607"	"Glaser"	"Donald Arthur"	"B1926-09-21"	"B1926-09-21"	"B1926-09-21"
"ICUS0608"	"Glass"	"Hiram Bentley"	"B1906-01-17"	"B1906-01-17"	NA
"ICUS0609"	"Goble"	"Frank G."	NA	NA	NA
"ICUS0610"	"Goel"	"Atul"	NA	NA	NA
"ICUS0611"	"Görnitz"	"Thomas"	NA	NA	NA
"ICUS0612"	"Golaszewska"	"Maria"	NA	NA	NA
"ICUS0613"	"Golden"	"John"	NA	NA	NA
"ICUS0614"	"Golden"	"William T."	NA	NA	NA
"ICUS0615"	"Goldsmith"	"Edward René David"	NA	NA	NA
"ICUS0616"	"Goldsmith"	"Maurice"	NA	NA	NA
"ICUS0617"	"Goldstein"	"Daniel J."	NA	NA	NA
"ICUS0618"	"Gomes"	"Alair de Oliveira"	NA	NA	NA
"ICUS0619"	"Gomez"	"Juan Antonio"	NA	NA	NA
"ICUS0620"	"Gontar"	"Vladimir"	NA	NA	NA
"ICUS0621"	"Gonzalez"	"Alvaro"	NA	NA	NA
"ICUS0622"	"González Garza"	"Ana Maria"	NA	NA	NA
"ICUS0623"	"Goodell"	"Horace Grant"	NA	NA	NA
"ICUS0624"	"Goodeve"	"Charles Frederick"	"B1904-02-21"	NA	NA
"ICUS0625"	"Gooding"	"David Charles"	NA	NA	NA
"ICUS0626"	"Gordon"	"Ira J."	NA	NA	NA
"ICUS0627"	"Gori"	"Gio Batta"	NA	NA	NA
"ICUS0628"	"Gori"	"Umberto"	NA	NA	NA
"ICUS0629"	"Görnitz"	"Thomas"	NA	NA	NA
"ICUS0630"	"Goswamy"	"Brijinder Nath"	NA	NA	NA
"ICUS0631"	"Gotterer"	"Malcolm H."	NA	NA	NA
"ICUS0632"	"Graham"	"Gordon"	NA	NA	NA
"ICUS0633"	"Gran"	"Peter"	NA	NA	NA
"ICUS0634"	"Granit"	"Ragnar Arthur"	"B1900-10-30"	"B1900-10-30"	NA
"ICUS0635"	"Granö"	"Olavi Johannes"	"B1925-05-27"	"B1925-05-27"	"B1925-05-27"
"ICUS0636"	"Grant"	"George Parkin"	NA	NA	NA
"ICUS0637"	"Gray"	"Elizabeth Dodson"	NA	NA	NA
"ICUS0638"	"Gray"	"Jesse Glenn"	NA	NA	NA
"ICUS0639"	"Gray"	"John Nicholas"	NA	NA	NA
"ICUS0640"	"Gray"	"Kenneth R."	NA	NA	NA
"ICUS0641"	"Grayson"	"John"	NA	NA	NA
"ICUS0642"	"Green"	"Deirdre"	NA	NA	NA
"ICUS0643"	"Greenberg"	"Wendy Nicholas"	NA	NA	NA
"ICUS0644"	"Greene"	"Nancy Deale"	NA	NA	NA
"ICUS0645"	"Greenfield"	"Richard David"	NA	NA	NA
"ICUS0646"	"Gregorios"	"Paulos Mar"	"B1922-08-09"	"B1922-08-09"	"B1922-08-09"
"ICUS0647"	"Greif"	"Stuart William"	NA	NA	NA
"ICUS0648"	"Gremillion"	"Joseph Benjamin"	NA	NA	NA
"ICUS0649"	"Groenewold"	"Hilbrand Johannes"	NA	NA	NA
"ICUS0650"	"Grønseth"	"Erik"	NA	NA	NA
"ICUS0651"	"Gruner"	"Wayne R."	NA	NA	NA
"ICUS0652"	"Gruzilier"	"John H."	NA	NA	NA
"ICUS0653"	"Guareschi-Cazzullo"	"Adriana"	NA	NA	NA
"ICUS0654"	"Gueron"	"Jules"	"B1907-06-02"	"B1907-06-02"	NA
"ICUS0655"	"Guerra"	"Anthony J."	NA	NA	NA
"ICUS0656"	"Guerra"	"Victor"	NA	NA	NA
"ICUS0657"	"Guetzkow"	"Harold Steere"	NA	NA	NA
"ICUS0658"	"Gui"	"We-Xie"	NA	NA	NA
"ICUS0659"	"Guilmet"	"Daniel"	NA	NA	NA
"ICUS0660"	"Guimaraes"	"Jose A."	NA	NA	NA
"ICUS0661"	"Gülek"	"Kasim"	"B1910-12-20"	"B1910-12-20"	NA
"ICUS0662"	"Gunaratne"	"Ranil Dion"	NA	NA	NA
"ICUS0663"	"Gunawardena"	"Wimal"	NA	NA	NA
"ICUS0664"	"Gunzig"	"Edgar"	NA	NA	NA
"ICUS0665"	"Gupta"	"Bina"	NA	NA	NA
"ICUS0666"	"Guriev"	"Sergei"	NA	NA	NA
"ICUS0667"	"Gyarmati"	"Gabriel"	NA	NA	NA
"ICUS0668"	"Gyekye"	"Kwame"	NA	NA	NA
"ICUS0669"	"Habachi"	"René"	NA	NA	NA
"ICUS0670"	"Hackett"	"Rosalind I. J."	NA	NA	NA
"ICUS0671"	"Hadden"	"Jeffrey K."	NA	NA	NA
"ICUS0672"	"Han"	"Sung-joo"	NA	NA	NA
"ICUS0673"	"Hale"	"Paul"	NA	NA	NA
"ICUS0674"	"Hallen"	"Patsy"	NA	NA	NA
"ICUS0675"	"Halsbury"	"Tony"	NA	NA	"B1908-06-04"
"ICUS0676"	"Hamaker"	"John W."	NA	NA	NA
"ICUS0677"	"Hamburgh"	"Max"	NA	NA	NA
"ICUS0678"	"Hamdan"	"Halimaton"	NA	NA	NA
"ICUS0679"	"Hamdani"	"Viqar Ahmed"	NA	NA	NA
"ICUS0680"	"Hameroff"	"Stuart R."	NA	NA	NA
"ICUS0681"	"Hamid"	"Idris"	NA	NA	NA
"ICUS0682"	"Hammond"	"Paul Y."	NA	NA	NA
"ICUS0683"	"Hammond"	"Phillip Everett"	NA	NA	NA
"ICUS0684"	"Han"	"Moon-Hi"	NA	NA	NA
"ICUS0686"	"Han"	"Tai-Soo"	NA	NA	NA
"ICUS0687"	"Handlin"	"Oscar"	NA	"B1915-09-29"	"B1915-09-29"
"ICUS0688"	"Handy"	"Rollo L."	NA	NA	NA
"ICUS0689"	"Hanna"	"David"	NA	NA	NA
"ICUS0690"	"Hannay"	"R. Alastair"	NA	NA	NA
"ICUS0691"	"Hannerz"	"Kare A."	NA	NA	NA
"ICUS0692"	"Hansen"	"Brian"	NA	NA	NA
"ICUS0693"	"Hansen"	"Linda"	NA	NA	NA
"ICUS0694"	"Harahap"	"Filino"	NA	NA	NA
"ICUS0695"	"Harant"	"Zdena"	NA	NA	NA
"ICUS0696"	"Hardin"	"Russell"	NA	NA	NA
"ICUS0697"	"Hargraves"	"J. Archie"	NA	NA	NA
"ICUS0698"	"Harman"	"Willis W."	NA	NA	NA
"ICUS0699"	"Harmon"	"Michael M."	NA	NA	NA
"ICUS0700"	"Harris"	"Lauren Julius"	NA	NA	NA
"ICUS0701"	"Harris"	"Ransom Baine"	NA	NA	NA
"ICUS0702"	"Harrison"	"Edward Robert"	NA	NA	NA
"ICUS0703"	"Harrison III"	"Frank Russell‏"	NA	NA	NA
"ICUS0704"	"Harrison"	"Geoffrey Ainsworth"	NA	NA	NA
"ICUS0705"	"Harriss"	"Clement Lowell"	NA	NA	NA
"ICUS0706"	"Hart"	"Henry O."	NA	NA	NA
"ICUS0707"	"Harter"	"Donald Alton"	NA	NA	NA
"ICUS0708"	"Hartshorne"	"Charles"	NA	NA	NA
"ICUS0709"	"Hartman"	"Sherry"	NA	NA	NA
"ICUS0710"	"Harun ar Rashid"	"A. M."	NA	NA	NA
"ICUS0711"	"Hasegawa"	"Akira"	NA	NA	NA
"ICUS0712"	"Haskell"	"Edward Froelich"	NA	NA	NA
"ICUS0713"	"Hassan"	"Fuad"	NA	NA	NA
"ICUS0714"	"Hasselgreen"	"Ingmar C."	NA	NA	NA
"ICUS0715"	"Hastings"	"Arthur Claude"	NA	NA	NA
"ICUS0716"	"Hattiangadi"	"Jagdish N."	NA	NA	NA
"ICUS0717"	"Hauser"	"Philip Morris"	"B1909-09-27"	"B1909-09-27"	NA
"ICUS0718"	"Hausner"	"Josef"	NA	NA	NA
"ICUS0719"	"Hautala"	"Heidi"	NA	NA	NA
"ICUS0720"	"Hay"	"David"	NA	NA	NA
"ICUS0721"	"Hay"	"George"	NA	NA	NA
"ICUS0722"	"Hayama"	"Komei"	NA	NA	NA
"ICUS0723"	"Hayashi"	"Yujiro"	NA	NA	NA
"ICUS0724"	"Hayden"	"Bruce P."	NA	NA	NA
"ICUS0725"	"Hayek"	"Friedrich August von"	"B1899-05-08"	"B1899-05-08"	NA
"ICUS0726"	"Hazleton"	"Jared E."	NA	NA	NA
"ICUS0727"	"Headings"	"Verle E."	NA	NA	NA
"ICUS0728"	"Headlam-Morley"	"Agnes"	NA	NA	NA
"ICUS0729"	"Hein"	"Piet"	NA	NA	NA
"ICUS0730"	"Heisenberg"	"Werner Karl"	NA	NA	NA
"ICUS0731"	"Henley"	"Ernest J."	NA	NA	NA
"ICUS0732"	"Henley"	"Kenneth"	NA	NA	NA
"ICUS0733"	"Henning"	"H. Joerg"	NA	NA	NA
"ICUS0734"	"Henry"	"Jean"	NA	NA	NA
"ICUS0735"	"Herr"	"David"	NA	NA	NA
"ICUS0736"	"Hersch"	"Jeanne"	NA	NA	NA
"ICUS0737"	"Herz"	"Martin Florian"	NA	NA	NA
"ICUS0738"	"Herzberg"	"Gerhard"	"B1904-12-25"	"B1904-12-25"	"B1904-12-25"
"ICUS0739"	"Hess"	"Jörg"	NA	NA	NA
"ICUS0740"	"Hettema"	"John (Jack)"	NA	NA	NA
"ICUS0741"	"Hewes"	"Gordon Winant"	NA	NA	NA
"ICUS0742"	"Hick"	"John Harwood"	NA	NA	NA
"ICUS0743"	"Higatsberger"	"Michael J."	NA	NA	NA
"ICUS0744"	"Hiley"	"Basil James"	NA	NA	NA
"ICUS0745"	"Hill"	"Dennis L."	NA	NA	NA
"ICUS0746"	"Hill"	"Reuben Lorenzo"	NA	NA	NA
"ICUS0747"	"Hill Jr"	"Samuel Smythe"	NA	NA	NA
"ICUS0748"	"Hill"	"Stuart B."	NA	NA	NA
"ICUS0749"	"Hillman"	"Jimmye S."	NA	NA	NA
"ICUS0750"	"Hilpinen"	"Risto"	NA	NA	NA
"ICUS0751"	"Himmelweit"	"Hildegard Therese"	NA	NA	NA
"ICUS0752"	"Hintikka"	"Kaarlo Jaakko Juhani"	NA	NA	NA
"ICUS0753"	"Hirshleifer"	"Jack"	NA	NA	NA
"ICUS0754"	"Hiskett"	"Mervyn"	NA	NA	NA
"ICUS0755"	"Hitotsumatsu"	"Shin"	NA	NA	NA
"ICUS0756"	"Ho"	"Tao"	NA	"B1936-07-17"	"B1936-07-17"
"ICUS0757"	"Hobbs"	"Ron"	NA	NA	NA
"ICUS0758"	"Hodgson"	"Peter Edward"	NA	NA	NA
"ICUS0759"	"Hoeber"	"Amoretta M."	NA	NA	NA
"ICUS0760"	"Hoeber"	"Francis P."	NA	NA	NA
"ICUS0761"	"Hofecker"	"Gerhard"	NA	NA	NA
"ICUS0762"	"Hokkanen"	"Heikki M. T."	NA	NA	NA
"ICUS0763"	"Holloway"	"Ralph L."	NA	NA	NA
"ICUS0764"	"Holmfeld"	"John"	NA	NA	NA
"ICUS0765"	"Honda"	"Masaaki"	NA	NA	NA
"ICUS0766"	"Hong"	"Howard Vincent"	NA	NA	NA
"ICUS0767"	"Hong"	"Woong-sun"	NA	NA	NA
"ICUS0768"	"Hood"	"C. Ellsworth"	NA	NA	NA
"ICUS0769"	"Hook"	"Sidney"	"B1902-12-20"	"B1902-12-20"	NA
"ICUS0770"	"Hoppe"	"Hans-Hermann"	NA	NA	NA
"ICUS0771"	"Horn"	"John L."	NA	NA	NA
"ICUS0772"	"Hossain"	"Monowar"	NA	NA	NA
"ICUS0773"	"Hourani"	"Benjamin Tamer"	NA	NA	NA
"ICUS0774"	"Howard"	"Arthur Ellsworth Dick"	NA	NA	NA
"ICUS0775"	"Howlett"	"Jack"	NA	NA	NA
"ICUS0776"	"Hsiung"	"James Chieh"	NA	NA	NA
"ICUS0777"	"Hu"	"Xinhe"	NA	NA	NA
"ICUS0778"	"Huang"	"Sung-Mo"	NA	NA	NA
"ICUS0779"	"Hübner"	"Adolf"	NA	NA	NA
"ICUS0780"	"Hübner"	"Kurt"	NA	NA	NA
"ICUS0781"	"Hughes"	"Vernon Willard"	NA	NA	NA
"ICUS0782"	"Hui"	"Ka Kit"	NA	NA	NA
"ICUS0783"	"Hülsmann"	"Jörg Guido"	NA	NA	NA
"ICUS0784"	"Hummel"	"Jeffrey Rogers"	NA	NA	NA
"ICUS0785"	"Hungerford"	"Herbert Eugene"	NA	NA	NA
"ICUS0786"	"Hungerford"	"Lugene G."	NA	NA	NA
"ICUS0787"	"Hunter"	"Howard E."	NA	NA	NA
"ICUS0788"	"Husain"	"Mahmud"	NA	NA	NA
"ICUS0789"	"Husen"	"Torsten"	"B1916-03-01"	"B1916-03-01"	"B1916-03-01"
"ICUS0791"	"Hwang"	"Pilho"	NA	NA	NA
"ICUS0792"	"Hyde"	"Gordon"	NA	NA	NA
"ICUS0793"	"Hydén"	"Holger"	NA	NA	NA
"ICUS0794"	"Ibrahim"	"Saad Eddin"	NA	NA	NA
"ICUS0795"	"Ikegami"	"Masato"	NA	NA	NA
"ICUS0796"	"Ikemi"	"Yujiro"	NA	NA	NA
"ICUS0797"	"Ikuta"	"Toyoaki"	NA	NA	NA
"ICUS0798"	"Illyés"	"Sándor"	NA	NA	NA
"ICUS0799"	"Iltis"	"Hugh H."	NA	NA	NA
"ICUS0800"	"Imamichi"	"Tomonobu"	NA	NA	NA
"ICUS0801"	"Ingle"	"Dwight Joyce"	"B1907-09-04"	NA	NA
"ICUS0802"	"Inglis"	"Brian"	NA	NA	NA
"ICUS0803"	"Ingram"	"David John Edward"	NA	NA	"B1927-04-06"
"ICUS0804"	"Inkler"	"Valeria"	NA	NA	NA
"ICUS0805"	"Inoue"	"Tadashi"	NA	NA	NA
"ICUS0806"	"Irvine"	"Reed J."	NA	NA	NA
"ICUS0807"	"Isaac"	"Ephraim"	NA	NA	NA
"ICUS0808"	"Ishikawa"	"Mitsuo"	NA	NA	NA
"ICUS0809"	"Ishumi"	"Abel G. M."	NA	NA	NA
"ICUS0810"	"Islam"	"Azizun Nahar"	NA	NA	NA
"ICUS0811"	"Islam"	"Nurul"	NA	"B1929-04-01"	"B1929-04-01"
"ICUS0812"	"Itani"	"Junichiro"	NA	NA	NA
"ICUS0813"	"Ito"	"Shuntaro"	NA	NA	NA
"ICUS0814"	"Jaber"	"Kamel Abu"	NA	NA	NA
"ICUS0815"	"Jacchia"	"Enrico"	NA	NA	NA
"ICUS0816"	"Jackson"	"Ray Weldon"	NA	NA	NA
"ICUS0817"	"Jackson"	"Wes"	NA	NA	NA
"ICUS0818"	"Jaffe"	"Russell M."	NA	NA	NA
"ICUS0819"	"Jaguaribe"	"Hélio"	NA	NA	NA
"ICUS0820"	"Jaki"	"Stanley Ladislas"	NA	NA	"B1924-08-17"
"ICUS0821"	"Jamali"	"Mohammed Fadhel"	NA	NA	NA
"ICUS0822"	"James"	"Abraham L."	NA	NA	NA
"ICUS0823"	"James"	"Gene G."	NA	NA	NA
"ICUS0824"	"Jammer"	"Max"	NA	NA	NA
"ICUS0825"	"Jantsch"	"Erich"	NA	NA	NA
"ICUS0826"	"Jarvie"	"Ian Charles"	NA	NA	NA
"ICUS0827"	"Jastrow"	"Robert"	"B1925-09-07"	"B1925-09-07"	"B1925-09-07"
"ICUS0828"	"Jerison"	"Harry Jacob"	NA	NA	NA
"ICUS0829"	"Jerome"	"Norge Winifred"	NA	NA	NA
"ICUS0830"	"Jeuken"	"Marie"	NA	NA	NA
"ICUS0831"	"Ji"	"Chang-juan"	NA	NA	NA
"ICUS0832"	"Jiang"	"Binglun"	NA	NA	NA
"ICUS0833"	"Jimenez"	"Maria Carmen C."	NA	NA	NA
"ICUS0834"	"Jin"	"Daxun"	NA	NA	NA
"ICUS0835"	"Jin"	"Sung Bae"	NA	NA	NA
"ICUS0836"	"Johnson"	"Bruce Connor"	NA	NA	NA
"ICUS0837"	"Johnson"	"Craig"	NA	NA	NA
"ICUS0838"	"Johnson"	"Fred M."	NA	NA	NA
"ICUS0839"	"Johnson"	"J. Prescott"	NA	NA	NA
"ICUS0840"	"Johnson"	"Lemuel A."	NA	NA	NA
"ICUS0841"	"Johnson"	"Milton G."	NA	NA	NA
"ICUS0842"	"Johnson-Lans"	"Shirley B."	NA	NA	NA
"ICUS0843"	"Johnson-Marshall"	"Percy Edwin Alan"	NA	NA	NA
"ICUS0844"	"Jonas"	"Paul"	NA	NA	NA
"ICUS0845"	"Jones"	"Donald Gene"	NA	NA	NA
"ICUS0846"	"Jones"	"Hardin Blair"	NA	NA	NA
"ICUS0847"	"Jones"	"Major J."	NA	NA	NA
"ICUS0848"	"Jones"	"Reginald Victor"	"B1911-09-29"	"B1911-09-29"	"B1911-09-29"
"ICUS0849"	"Jones"	"Thomas E."	NA	NA	NA
"ICUS0850"	"Jones"	"William Ronald"	NA	NA	NA
"ICUS0851"	"Jordens"	"Joseph Teresa Florent"	NA	NA	NA
"ICUS0852"	"Josephson"	"Brian David"	"B1904-01-04"	"B1940-01-04"	"B1940-01-04"
"ICUS0853"	"Jovanovich"	"Jovan V."	NA	NA	NA
"ICUS0854"	"Jumsai"	"Sumet"	NA	NA	NA
"ICUS0855"	"Jung"	"Hwa-Yol"	NA	NA	NA
"ICUS0856"	"Juskalian"	"George"	NA	NA	NA
"ICUS0857"	"Kabilsingh"	"Chatsumarn"	NA	NA	NA
"ICUS0858"	"Kac"	"Mark"	"B1914-08-03"	NA	NA
"ICUS0859"	"Kahn"	"Herman"	"B1922-02-15"	NA	NA
"ICUS0860"	"Kahneman"	"Daniel"	NA	NA	NA
"ICUS0861"	"Kakihana"	"Hidetaka"	NA	NA	NA
"ICUS0862"	"Kakonge"	"Edward"	NA	NA	NA
"ICUS0863"	"Kalansuriya"	"A. D. P."	NA	NA	NA
"ICUS0864"	"Kalaw"	"Eva Estrada"	NA	NA	NA
"ICUS0865"	"Kalda"	"Jaan"	NA	NA	NA
"ICUS0866"	"Kalupahana"	"David J."	NA	NA	NA
"ICUS0867"	"Kang"	"Kook Hee"	NA	NA	NA
"ICUS0868"	"Kang"	"Ouyang"	NA	NA	NA
"ICUS0869"	"Kang"	"Shin Pyo"	NA	NA	NA
"ICUS0870"	"Kang"	"Soo Won"	NA	NA	NA
"ICUS0871"	"Kang"	"Yung-Sun"	NA	NA	NA
"ICUS0872"	"Kanitscheider"	"Bernulf"	NA	NA	NA
"ICUS0873"	"Kano"	"Takayoshi"	NA	NA	NA
"ICUS0874"	"Kapitza"	"Sergeĭ Petrovich"	NA	NA	NA
"ICUS0875"	"Kaplan"	"Morton Abraham"	NA	NA	NA
"ICUS0876"	"Karefa-Smart"	"John Albert Musselman"	"B1915-06-17"	"B1915-06-17"	"B1915-06-17"
"ICUS0877"	"Karhan"	"Kemal"	NA	NA	NA
"ICUS0878"	"Karlson"	"Nils"	NA	NA	NA
"ICUS0879"	"Karlson"	"Peter"	NA	NA	NA
"ICUS0880"	"Kase"	"Hideaki"	NA	NA	NA
"ICUS0881"	"Kaspar"	"Robert"	NA	NA	NA
"ICUS0882"	"Kasper"	"Wolfgang E."	NA	NA	NA
"ICUS0883"	"Kassas"	"Mohamed"	NA	NA	NA
"ICUS0884"	"Kastler"	"Alfred"	"B1902-05-03"	NA	NA
"ICUS0885"	"Katanani"	"Ahmad K."	NA	NA	NA
"ICUS0886"	"Kato"	"Hidetoshi"	NA	NA	NA
"ICUS0887"	"Kato"	"Hiroo"	NA	NA	NA
"ICUS0888"	"Kato"	"Peter Eiichi"	NA	NA	NA
"ICUS0889"	"Kato"	"Shigeru"	NA	NA	NA
"ICUS0890"	"Katsenelinboigen"	"Aron J."	NA	NA	NA
"ICUS0891"	"Katz"	"Amrom Harry"	NA	NA	NA
"ICUS0892"	"Kau"	"Michael Ying-mao"	NA	NA	NA
"ICUS0893"	"Kaufmann"	"Frank"	NA	NA	NA
"ICUS0894"	"Kaufmann"	"Walter Arnold"	NA	NA	NA
"ICUS0895"	"Kawakita"	"Jiro"	NA	NA	NA
"ICUS0896"	"Keady"	"Richard E."	NA	NA	NA
"ICUS0897"	"Keddie"	"Nikki Ragozin"	NA	NA	NA
"ICUS0898"	"Keepin"	"William North"	NA	NA	NA
"ICUS0899"	"Kegley"	"Charles William"	NA	NA	NA
"ICUS0900"	"Kegley"	"Jacquelyn Ann K."	NA	NA	NA
"ICUS0901"	"Kielstein"	"Rita"	NA	NA	NA
"ICUS0902"	"Kellehear"	"Allan"	NA	NA	NA
"ICUS0903"	"Kellogg"	"William Welch"	NA	NA	NA
"ICUS0904"	"Kelsay"	"John"	NA	NA	NA
"ICUS0905"	"Kenner"	"Daniel"	NA	NA	NA
"ICUS0906"	"Kennet"	"Wayland Hilton Young"	"B1923-08-02"	"B1923-08-02"	"B1923-08-02"
"ICUS0907"	"Kenney"	"Martin"	NA	NA	NA
"ICUS0908"	"Kerber"	"Walter"	"B"	NA	NA
"ICUS0909"	"Kerr"	"Clark"	"B1911-05-17"	"B1911-05-17"	"B1911-05-17"
"ICUS0910"	"Keswani"	"Nandkumar Hemraj"	NA	NA	NA
"ICUS0911"	"Kety"	"Seymour Solomon"	"B1915-08-25"	"B1915-08-25"	"B1915-08-25"
"ICUS0912"	"Kewenig"	"Wilhelm A."	NA	NA	NA
"ICUS0913"	"Keys"	"Donald F."	NA	NA	NA
"ICUS0914"	"Khadduri"	"Majid"	"B1909-09-27"	"B1908-09-27"	NA
"ICUS0915"	"Khalaf"	"Samir G."	NA	NA	NA
"ICUS0916"	"Khalilzad"	"Zalmay"	NA	NA	NA
"ICUS0917"	"Khan"	"Jahangir"	NA	NA	NA
"ICUS0918"	"Khan"	"Mohammad Salar"	NA	NA	NA
"ICUS0919"	"Khattab"	"Abdelmoneim M."	NA	NA	NA
"ICUS0920"	"Khemani"	"L. T."	NA	NA	NA
"ICUS0921"	"Khuri"	"Nicola H."	NA	NA	NA
"ICUS0922"	"Kibarian"	"Barkev"	NA	NA	NA
"ICUS0923"	"Kielmansegg"	"Peter Graf"	NA	NA	NA
"ICUS0924"	"Kihara"	"Hiroji"	NA	NA	NA
"ICUS0925"	"Kikutake"	"Kiyonori"	"B1928-04-01"	"B1928-04-01"	"B1928-04-01"
"ICUS0926"	"Killingbeck"	"Christopher"	NA	NA	NA
"ICUS0927"	"Kilpatrick"	"William Kirk"	NA	NA	NA
"ICUS0928"	"Kim"	"C. H."	NA	NA	NA
"ICUS0929"	"Kim"	"Choon-Sup"	NA	NA	NA
"ICUS0930"	"Kim"	"Eun-Woo"	NA	NA	NA
"ICUS0931"	"Kim"	"Ilpyong John"	NA	NA	NA
"ICUS0932"	"Kim"	"Jin-Choon"	NA	NA	NA
"ICUS0933"	"Kim"	"Jong-Chol"	NA	NA	NA
"ICUS0934"	"Kim"	"Kae-Hwan"	NA	NA	NA
"ICUS0935"	"Kim"	"T."	NA	NA	NA
"ICUS0936"	"Kim"	"Tae-Chang"	NA	NA	NA
"ICUS0937"	"Kim"	"Tae-Soo"	NA	NA	NA
"ICUS0938"	"Kim"	"Ung-Soo"	NA	NA	NA
"ICUS0939"	"Kim"	"William S."	NA	NA	NA
"ICUS0940"	"Kim"	"Yersu"	NA	NA	NA
"ICUS0941"	"Kim"	"Yong-Un"	NA	NA	NA
"ICUS0942"	"Kim"	"Yong-Suk"	NA	NA	NA
"ICUS0943"	"Kim"	"Young Oon"	NA	NA	NA
"ICUS0944"	"Kim"	"Young-Suh"	NA	NA	NA
"ICUS0945"	"Kim"	"Yung-Kwan"	NA	NA	NA
"ICUS0946"	"Kimura"	"Motoo"	"B1924-11-13"	"B1924-11-13"	NA
"ICUS0947"	"King"	"Alexander"	NA	NA	NA
"ICUS0948"	"King"	"Ursula"	NA	NA	NA
"ICUS0949"	"King-Farlow"	"John"	NA	NA	NA
"ICUS0950"	"Kingsep"	"Aleksandr Sergeevič"	NA	NA	NA
"ICUS0951"	"Kinsella"	"Norman Stephan"	NA	NA	NA
"ICUS0952"	"Kit"	"Wong Kiew"	NA	NA	NA
"ICUS0953"	"Kitagawa"	"Toshio"	NA	NA	NA
"ICUS0954"	"Kittrie"	"Nicholas Nehemiah"	NA	NA	NA
"ICUS0955"	"Klavins"	"Janis Viliberts"	NA	NA	NA
"ICUS0956"	"Klein"	"Sidney"	NA	NA	NA
"ICUS0957"	"Kliever"	"Lonnie D."	NA	NA	NA
"ICUS0958"	"Kline"	"George Louis"	NA	NA	NA
"ICUS0959"	"Knappert"	"Jan"	NA	NA	NA
"ICUS0960"	"Knight"	"Christopher Denis"	NA	NA	NA
"ICUS0961"	"Knilli"	"Friedrich"	NA	NA	NA
"ICUS0962"	"Kochen"	"Manfred"	NA	NA	NA
"ICUS0963"	"Koentjaraningrat"	""	NA	NA	NA
"ICUS0964"	"Koertge"	"Noretta"	NA	NA	NA
"ICUS0965"	"Koestler"	"Arthur"	"B1905-09-05"	NA	NA
"ICUS0966"	"Koford"	"Kenneth J."	NA	NA	NA
"ICUS0967"	"Koh"	"Byung-Hee"	NA	NA	NA
"ICUS0968"	"Koh"	"Han-Shil"	NA	NA	NA
"ICUS0969"	"Kohlberg"	"Lawrence"	NA	NA	NA
"ICUS0970"	"Kohn"	"Walter"	"B1923-03-09"	"B1923-03-09"	"B1923-03-09"
"ICUS0971"	"Komaki"	"Hisatoki"	NA	NA	NA
"ICUS0972"	"Komatsu"	"Sakyo"	NA	NA	NA
"ICUS0973"	"Kondepudi"	"Dilip K."	NA	NA	NA
"ICUS0974"	"Kondo"	"Jiro"	NA	NA	"B1917-01-23"
"ICUS0975"	"Kono"	"Shigemi"	NA	NA	NA
"ICUS0976"	"Koo"	"Bon-Ho"	NA	NA	NA
"ICUS0977"	"Kooy"	"Gerrit Andries"	NA	NA	NA
"ICUS0978"	"Korneev"	"Aleksandr"	NA	NA	NA
"ICUS0979"	"Koussanellos"	"Georges"	NA	NA	NA
"ICUS0980"	"Kozhamthadam"	"Job"	NA	NA	NA
"ICUS0981"	"Kozintsev"	"Aleksandr Grigor'evich"	NA	NA	NA
"ICUS0982"	"Kozma"	"Tamás"	NA	NA	NA
"ICUS0983"	"Krantz"	"Kermit E."	NA	NA	NA
"ICUS0984"	"Kraus"	"Eric Bradshaw"	NA	NA	NA
"ICUS0985"	"Kraus"	"Willy"	NA	NA	NA
"ICUS0986"	"Krebs"	"Hans Adolf"	"B1900-08-25"	NA	NA
"ICUS0987"	"Kreilkamp"	"Karl"	NA	NA	NA
"ICUS0988"	"Krippner"	"Stanley"	NA	NA	NA
"ICUS0989"	"Krishna"	"Padmanabahn"	NA	NA	NA
"ICUS0990"	"Krislov"	"Samuel"	NA	NA	NA
"ICUS0991"	"Krivatsy"	"Adam"	NA	NA	NA
"ICUS0992"	"Krivit"	"William"	NA	NA	NA
"ICUS0993"	"Kryspin"	"Jan"	NA	NA	NA
"ICUS0994"	"Kubler-Ross"	"Elisabeth"	NA	NA	NA
"ICUS0995"	"Kubota"	"Nobuyuki"	NA	NA	NA
"ICUS0996"	"Kuczynski"	"Janusz"	NA	NA	NA
"ICUS0997"	"Kuehnelt-Leddihn"	"Erik"	NA	NA	NA
"ICUS0998"	"Kuhse"	"Helga"	NA	NA	NA
"ICUS0999"	"Kuiper"	"Thomas B. H."	NA	NA	NA
"ICUS1000"	"Kukathas"	"Chandran"	NA	NA	NA
"ICUS1001"	"Kullenberg"	"Gunnar"	NA	NA	NA
"ICUS1002"	"Kumagai"	"Akiko"	NA	NA	NA
"ICUS1003"	"Kumar"	"Krishan"	NA	NA	NA
"ICUS1004"	"Kumar"	"Kusum"	NA	NA	NA
"ICUS1005"	"Kumon"	"Shumpei"	NA	NA	NA
"ICUS1006"	"Kunckel"	"Dietrich"	NA	NA	NA
"ICUS1007"	"Kuo"	"Wei-Fan"	NA	"B1937-09-03"	"B1937-09-03"
"ICUS1008"	"Kuratani"	"Yoshiro"	NA	NA	NA
"ICUS1009"	"Kurebayashi"	"Shigeo"	NA	NA	NA
"ICUS1010"	"Puri"	"Kailash"	NA	NA	NA
"ICUS1011"	"Kuroda"	"Toshio"	NA	NA	NA
"ICUS1012"	"Kursunoglu"	"Behram"	NA	NA	NA
"ICUS1013"	"Kurti"	"Nicholas"	"B1908-05-14"	"B1908-05-14"	"B1908-05-14"
"ICUS1014"	"Kurtz"	"Paul Winter"	NA	NA	NA
"ICUS1015"	"Kurtzman"	"Joel"	NA	NA	NA
"ICUS1016"	"Kuru"	"Assefa"	NA	NA	NA
"ICUS1017"	"Kuypers"	"Karel"	NA	NA	NA
"ICUS1018"	"Kuznets"	"Paul Wolf"	NA	NA	NA
"ICUS1019"	"Setreng"	"Sigmund Kvaløy"	NA	NA	NA
"ICUS1020"	"Kwak"	"Chŏng-hwan"	NA	NA	NA
"ICUS1021"	"La Drière"	"James Craig"	NA	NA	NA
"ICUS1022"	"Latorre"	"Victor"	NA	NA	NA
"ICUS1023"	"Labor"	"Adonis F."	NA	NA	NA
"ICUS1024"	"Lacis"	"Andrew Andrejs"	NA	NA	NA
"ICUS1025"	"Lagmay"	"Alfredo Villagracia"	NA	NA	NA
"ICUS1026"	"Lagmay"	"Leticia Amante"	NA	NA	NA
"ICUS1027"	"Lakusta"	"Alexis"	NA	NA	NA
"ICUS1028"	"Lal"	"Devendra"	NA	"B1929-02-14"	"B1929-02-14"
"ICUS1029"	"Lamb"	"George G."	NA	NA	NA
"ICUS1030"	"Lamb"	"Willis Eugene"	"B1913-07-12"	"B1913-07-12"	"B1913-07-12"
"ICUS1031"	"Lamberton"	"Donald McLean"	NA	NA	NA
"ICUS1032"	"Lambo"	"Thomas Adeoye"	"B1923-03-29"	"B1923-03-29"	"B1923-03-29"
"ICUS1033"	"Lancaster"	"Chesley Stevens"	NA	NA	NA
"ICUS1034"	"Lancaster"	"Jane Beckman"	NA	NA	NA
"ICUS1035"	"Landsberg"	"Helmut Erich"	NA	NA	NA
"ICUS1036"	"Lane"	"Dermot Anthony"	NA	NA	NA
"ICUS1037"	"Lasswell"	"Harold Dwight"	"B1902-02-13"	NA	NA
"ICUS1038"	"Laszlo"	"Ervin"	NA	NA	NA
"ICUS1039"	"Latarjet"	"Raymond"	NA	NA	"B1911-10-17"
"ICUS1040"	"Lau"	"Cheryl"	NA	NA	NA
"ICUS1041"	"Laurikainen"	"Kalervo Vihtori"	NA	NA	NA
"ICUS1042"	"Lawson"	"Robert Frederic"	NA	NA	NA
"ICUS1043"	"Leaker"	"Dudley Roberts"	NA	NA	NA
"ICUS1044"	"Leary"	"Rolfe A."	NA	NA	NA
"ICUS1045"	"Leavitt"	"Michael R."	NA	NA	NA
"ICUS1046"	"Lecourt"	"Edith"	NA	NA	NA
"ICUS1047"	"Lee"	"Bae-Ham"	NA	NA	NA
"ICUS1048"	"Lee"	"Dwight Ryndle"	NA	NA	NA
"ICUS1049"	"Lee"	"Hang-Nyong"	NA	NA	NA
"ICUS1050"	"Lee"	"Ho-Wang"	NA	NA	NA
"ICUS1051"	"Lee"	"Hyun-Bok"	NA	NA	NA
"ICUS1053"	"Lee"	"Kun-Sik"	NA	NA	NA
"ICUS1054"	"Lee"	"Myung-Sik"	NA	NA	NA
"ICUS1055"	"Lee"	"Nam-Pyo"	NA	NA	NA
"ICUS1056"	"Lee"	"Sang-Hun"	NA	NA	NA
"ICUS1057"	"Lee"	"Sanghwe"	NA	NA	NA
"ICUS1058"	"Lee"	"Se-Yeong"	NA	NA	NA
"ICUS1059"	"Lee"	"Terence"	NA	NA	NA
"ICUS1060"	"Lefebvre"	"Roland"	NA	NA	NA
"ICUS1061"	"Maier-Leibnitz"	"Heinz"	NA	NA	NA
"ICUS1062"	"Leibowitz"	"Yeshayahu"	NA	NA	NA
"ICUS1063"	"Leighton"	"Gerald S."	NA	NA	NA
"ICUS1064"	"Leinfellner"	"Werner"	NA	NA	NA
"ICUS1065"	"Lejins"	"Peter Pierre"	NA	NA	NA
"ICUS1066"	"Lekkas"	"Demetrios"	NA	NA	NA
"ICUS1067"	"LeMarier"	"Jean-Guy"	NA	NA	NA
"ICUS1068"	"Lemma"	"Aklilu"	NA	NA	NA
"ICUS1069"	"Lenel"	"Hans Otto"	NA	NA	NA
"ICUS1070"	"Leonard"	"Peter James Toivo"	NA	NA	NA
"ICUS1071"	"Leontief"	"Wassily W."	"B1906-08-05"	"B1906-08-05"	"B1906-08-05"
"ICUS1072"	"Lepage"	"Henri"	NA	NA	NA
"ICUS1073"	"Le Pair"	"Cornelius"	NA	NA	NA
"ICUS1074"	"Lerède"	"Jean"	NA	NA	NA
"ICUS1075"	"Lerman"	"Abraham"	NA	NA	NA
"ICUS1076"	"Lerner"	"Abba Ptachya"	NA	NA	NA
"ICUS1077"	"Lerner"	"Daniel"	NA	NA	NA
"ICUS1078"	"Leube"	"Kurt Rudolph"	NA	NA	NA
"ICUS1079"	"Levinson"	"Paul"	NA	NA	NA
"ICUS1080"	"Levy"	"Jerre"	NA	NA	NA
"ICUS1081"	"Lewis"	"Hywel David"	NA	NA	NA
"ICUS1082"	"Lewis"	"John Simpson"	NA	NA	NA
"ICUS1083"	"Lewis"	"Sarah M."	NA	NA	NA
"ICUS1084"	"Lewis"	"Wilfrid Bennett"	"B1908-06-24"	"B1908-06-24"	NA
"ICUS1085"	"Lewis"	"Walter David"	NA	NA	NA
"ICUS1086"	"Lewis"	"Warren"	NA	NA	NA
"ICUS1087"	"Li"	"Debao"	NA	NA	NA
"ICUS1088"	"Li"	"Zu-Pei"	NA	NA	NA
"ICUS1089"	"Libby"	"Willard Frank"	"B1908-12-17"	NA	NA
"ICUS1090"	"Libet"	"Benjamin"	NA	NA	NA
"ICUS1091"	"Lieb"	"Irwin C."	NA	NA	NA
"ICUS1092"	"Lievegoed"	"Bernardus Cornelis Johannes"	NA	NA	NA
"ICUS1093"	"Lim"	"Ungkyu"	NA	NA	NA
"ICUS1094"	"Lim"	"Yong-Kyu"	NA	NA	NA
"ICUS1095"	"Lin"	"David K."	NA	NA	NA
"ICUS1096"	"Lincoln"	"Charles Eric"	NA	NA	NA
"ICUS1097"	"Lind"	"Niels Christian"	NA	NA	NA
"ICUS1098"	"Linstone"	"Harold Adrian"	NA	NA	NA
"ICUS1099"	"Lipuma"	"Edward"	NA	NA	NA
"ICUS1100"	"Lishman"	"Gordon"	NA	NA	NA
"ICUS1101"	"Liu"	"Dachun"	NA	NA	NA
"ICUS1102"	"Liu"	"Shu-hsien"	NA	NA	NA
"ICUS1103"	"Liu"	"Shu-Zheng"	NA	NA	NA
"ICUS1104"	"Liu"	"Taiying"	NA	NA	NA
"ICUS1105"	"Lobanov"	"Aleksei Ivanovich"	NA	NA	NA
"ICUS1106"	"Lodge"	"George T."	NA	NA	NA
"ICUS1107"	"Lohmöller"	"Jan-Bernd"	NA	NA	NA
"ICUS1108"	"Lombardi"	"John Vincent"	NA	NA	NA
"ICUS1109"	"Long"	"Eugene Thomas"	NA	NA	NA
"ICUS1110"	"Long"	"Franklin Asbury"	"B1910-07-27"	"B1910-07-27"	NA
"ICUS1111"	"Lopata"	"Helena Znaniecki"	NA	NA	NA
"ICUS1112"	"Lopez"	"Salvador P."	"B1911-05-27"	"B1911-05-27"	NA
"ICUS1113"	"Lopez-Mendoza"	"Diana"	NA	NA	NA
"ICUS1114"	"Lorimer"	"David"	NA	NA	NA
"ICUS1115"	"Lottieri"	"Carlo"	NA	NA	NA
"ICUS1116"	"Lovell"	"John Philip"	NA	NA	NA
"ICUS1117"	"Lowenhard"	"Percy"	NA	NA	NA
"ICUS1118"	"Lu"	"Yingzhong"	NA	NA	NA
"ICUS1119"	"Lucas"	"Adetokunbo O."	NA	NA	NA
"ICUS1120"	"Luchins"	"Abraham Samuel"	NA	NA	NA
"ICUS1121"	"Luckey"	"Thomas Donnell"	NA	NA	NA
"ICUS1122"	"Ludwig"	"Harvey F."	NA	NA	NA
"ICUS1123"	"Lungu"	"Gatian F."	NA	NA	NA
"ICUS1124"	"Luria"	"Salvador Edward"	"B1912-08-13"	"B1912-08-13"	NA
"ICUS1125"	"Luria"	"Zella Hurwitz"	NA	NA	NA
"ICUS1126"	"Lustig"	"Harry"	NA	NA	NA
"ICUS1127"	"Benegas Lynch Jr."	"Alberto"	NA	NA	NA
"ICUS1128"	"Lyttleton"	"Raymond Arthur"	NA	"B1911-05-07"	NA
"ICUS1129"	"Maccabee"	"Bruce"	NA	NA	NA
"ICUS1130"	"Maceda"	"José Monserrat"	NA	NA	NA
"ICUS1131"	"MacGregor"	"Geddes"	NA	NA	NA
"ICUS1132"	"Machol"	"Robert Engel"	NA	NA	NA
"ICUS1133"	"Mackay"	"William"	NA	NA	NA
"ICUS1134"	"Mackendrick"	"Paul Lachlan"	NA	NA	NA
"ICUS1135"	"MacKinnon"	"John Ramsay"	NA	NA	NA
"ICUS1136"	"MacKinnon"	"Kathy"	NA	NA	NA
"ICUS1137"	"MacVicar"	"Robert William"	NA	NA	NA
"ICUS1138"	"Madden"	"Carl Halford"	NA	NA	NA
"ICUS1139"	"Maddox"	"John Royden"	NA	NA	NA
"ICUS1140"	"Madigan"	"Francis C."	NA	NA	NA
"ICUS1141"	"Madsen"	"Kristen Bent"	NA	NA	NA
"ICUS1142"	"Madsen"	"Truman Grant"	NA	NA	NA
"ICUS1143"	"Maffesoli"	"Michel"	NA	NA	NA
"ICUS1144"	"Mahapatra"	"Lakshman Kumar"	NA	NA	NA
"ICUS1145"	"Maille"	"Francois"	NA	NA	NA
"ICUS1146"	"Makarov"	"Mikhail L."	NA	NA	NA
"ICUS1147"	"Makkai"	"Adam"	NA	NA	NA
"ICUS1148"	"Malherbe"	"Ernst Gideon"	"B1895-11-08"	NA	NA
"ICUS1149"	"Malik"	"Charles Habib"	"B1906-02-11"	"B1906-02-11"	NA
"ICUS1150"	"Malik"	"Fazley Bary‏"	NA	NA	NA
"ICUS1151"	"Manandhar"	"Debendra"	NA	NA	NA
"ICUS1152"	"Mann"	"Ady"	NA	NA	NA
"ICUS1153"	"Manners"	"Robert Alan"	NA	NA	NA
"ICUS1154"	"Marc"	"Alexandre"	NA	NA	NA
"ICUS1155"	"Marchetti"	"Cesare"	NA	NA	NA
"ICUS1156"	"Marciano"	"Teresa D."	NA	NA	NA
"ICUS1157"	"Mardin"	"Serif"	NA	NA	NA
"ICUS1158"	"Margenau"	"Henry"	NA	NA	NA
"ICUS1159"	"Marinov"	"Uri"	NA	NA	NA
"ICUS1160"	"Markley"	"Oliver Wendell"	NA	NA	NA
"ICUS1161"	"Marney"	"Milton C."	NA	NA	NA
"ICUS1162"	"Marrett"	"Christine"	NA	NA	NA
"ICUS1163"	"Marshall"	"Inku"	NA	NA	NA
"ICUS1164"	"Martelanc"	"Tomo"	NA	NA	NA
"ICUS1165"	"Martin"	"Archer John Porter"	"B1910-03-01"	"B1910-03-01"	"B1910-03-01"
"ICUS1166"	"Martin"	"David Alfred"	NA	NA	NA
"ICUS1167"	"Martin"	"Esmond Bradley"	NA	NA	NA
"ICUS1168"	"Martinez"	"Gerardo"	NA	NA	NA
"ICUS1169"	"Maruani"	"Jean"	NA	NA	NA
"ICUS1170"	"Maruyama"	"Magoroh"	NA	NA	NA
"ICUS1171"	"Marx"	"George"	NA	NA	NA
"ICUS1172"	"Masaki"	"Akira"	NA	NA	NA
"ICUS1173"	"Masatsugu"	"Mitsuyuki"	NA	NA	NA
"ICUS1174"	"Mascall"	"Eric Lionel"	NA	"B1905-12-12"	NA
"ICUS1175"	"Masini"	"Giancarlo"	NA	NA	NA
"ICUS1176"	"Masmoudi"	"Mustapha"	NA	NA	NA
"ICUS1177"	"Matson"	"Floyd W."	NA	NA	NA
"ICUS1178"	"Matsunaga"	"Daigan Lee"	NA	NA	NA
"ICUS1179"	"Matsushita"	"Masatoshi"	NA	NA	NA
"ICUS1180"	"Matthias"	"Bernd T."	"B1918-06-08"	NA	NA
"ICUS1181"	"Matczak"	"Sebastian Alexander"	NA	NA	NA
"ICUS1182"	"Mavrodes"	"George I."	NA	NA	NA
"ICUS1183"	"Maxey"	"Margaret N."	NA	NA	NA
"ICUS1184"	"Maxwell"	"Grover"	NA	NA	NA
"ICUS1185"	"May"	"Sidney"	NA	NA	NA
"ICUS1186"	"Mayer"	"Jacob Peter"	NA	NA	NA
"ICUS1187"	"Mayntz"	"Renate"	NA	NA	NA
"ICUS1188"	"Mayo"	"Louis Harkey"	NA	NA	NA
"ICUS1189"	"Maziarz"	"Edward Anthony"	NA	NA	NA
"ICUS1190"	"Mazrui"	"Ali Al'Amin"	"B1933-02-24"	"B1933-02-24"	"B1933-02-24"
"ICUS1191"	"Mbiti"	"John Samuel"	NA	NA	NA
"ICUS1192"	"McCarthy"	"Vincent A"	NA	NA	NA
"ICUS1193"	"McCool"	"Gerald A."	NA	NA	NA
"ICUS1194"	"McFarland"	"Horace Neill"	NA	NA	NA
"ICUS1195"	"McForan"	"Desmond"	NA	NA	NA
"ICUS1196"	"McGeer"	"Patrick Lucey"	NA	NA	NA
"ICUS1197"	"McGuinness"	"Diane"	NA	NA	NA
"ICUS1198"	"McLuhan"	"Herbert Marshall"	"B1911-07-21"	NA	NA
"ICUS1199"	"McMichael"	"John"	"B1904-07-25"	"B1904-07-25"	NA
"ICUS1200"	"McMullin"	"Ernen"	NA	NA	NA
"ICUS1201"	"Mechkat"	"Cyrus"	NA	NA	NA
"ICUS1202"	"Medina"	"Florencio Albanez"	NA	NA	NA
"ICUS1203"	"Medved"	"David"	NA	NA	NA
"ICUS1204"	"Meeker"	"Joseph W."	NA	NA	NA
"ICUS1205"	"Mehr"	"Farhang"	"B1923-12-11"	NA	NA
"ICUS1206"	"Mehra"	"Jagdish"	NA	NA	NA
"ICUS1207"	"Mehra"	"Marlis Helene"	NA	NA	NA
"ICUS1208"	"Mehretu"	"Assefa"	NA	NA	NA
"ICUS1209"	"Meiners"	"Roger E."	NA	NA	NA
"ICUS1210"	"Meissner"	"Werner"	NA	NA	NA
"ICUS1211"	"Mejia"	"Jorge María"	NA	NA	NA
"ICUS1212"	"Melamed"	"Avraham"	NA	NA	NA
"ICUS1213"	"Mellanby"	"Kenneth"	"B1908-03-26"	"B1908-03-26"	NA
"ICUS1214"	"Meltzoff"	"Sarah Keene"	NA	NA	NA
"ICUS1215"	"Melvin"	"Mael Avrami"	NA	NA	NA
"ICUS1216"	"Melvin"	"Sofia B."	NA	NA	NA
"ICUS1217"	"Mendelsohn"	"Everett I."	NA	NA	NA
"ICUS1218"	"Menke-Gluckert"	"Peter"	NA	NA	NA
"ICUS1219"	"Menon"	"P. K."	NA	NA	NA
"ICUS1220"	"Mensch"	"Gerhard O."	NA	NA	NA
"ICUS1221"	"Merritt, Jr."	"Lynne Lionel"	NA	NA	NA
"ICUS1222"	"Merton"	"Robert King"	"B1910-07-05"	"B1910-07-05"	"B1910-07-04"
"ICUS1223"	"Mesthene"	"Emmanuel George"	NA	NA	NA
"ICUS1224"	"Meurers"	"Joseph"	NA	NA	NA
"ICUS1225"	"Meyer"	"Thomas R."	NA	NA	NA
"ICUS1226"	"Meyer-Dohm"	"Peter"	NA	NA	NA
"ICUS1227"	"Mfoulou"	"Jean"	NA	NA	NA
"ICUS1228"	"Michael"	"Donald N."	NA	NA	NA
"ICUS1229"	"Michaelis"	"Anthony Rowland"	NA	NA	NA
"ICUS1230"	"Mickelson"	"Sigfried"	NA	NA	NA
"ICUS1231"	"Mickler"	"Michael L."	NA	NA	NA
"ICUS1232"	"Mihram"	"George Arthur"	NA	NA	NA
"ICUS1233"	"Miller"	"Stanley Lloyd"	NA	"B1930-03-07"	"B1930-03-07"
"ICUS1234"	"Mills"	"Mark P."	NA	NA	NA
"ICUS1235"	"Mina"	"Fayez Mourad"	NA	NA	NA
"ICUS1236"	"Minguet"	"Philippe"	NA	NA	NA
"ICUS1237"	"Minners"	"Howard A."	NA	NA	NA
"ICUS1238"	"Minogue"	"Kenneth Robert"	NA	NA	NA
"ICUS1239"	"Mishra"	"Ravi Kant"	NA	NA	NA
"ICUS1240"	"Mitchell"	"Edgar Dean"	"B1930-09-17"	NA	NA
"ICUS1241"	"Mitroff"	"Ian Irving"	NA	NA	NA
"ICUS1242"	"Mitter"	"Wolfgang"	NA	NA	NA
"ICUS1243"	"Miyajima"	"Tatsuoki"	NA	NA	NA
"ICUS1244"	"Miyawaki"	"Akira"	NA	NA	NA
"ICUS1245"	"Miyoshi"	"Osamu"	NA	NA	NA
"ICUS1246"	"Miyuki"	"Mokusen"	NA	NA	NA
"ICUS1247"	"Mizutani"	"Hiroshi"	NA	NA	NA
"ICUS1248"	"Mochida"	"Yutaka"	NA	NA	NA
"ICUS1249"	"Mogey"	"John Macfarlane"	NA	NA	NA
"ICUS1250"	"Moldofsky"	"Naomi"	NA	NA	NA
"ICUS1251"	"Moles"	"Abraham André"	NA	NA	NA
"ICUS1252"	"Molinski"	"Waldemar"	NA	NA	NA
"ICUS1253"	"Moljk"	"Anton"	NA	NA	NA
"ICUS1254"	"Molnar"	"Peter"	NA	NA	NA
"ICUS1255"	"Moltmann"	"Jurgen"	NA	NA	NA
"ICUS1256"	"Monckeberg"	"Fernando"	NA	NA	NA
"ICUS1257"	"Mongar"	"Jack"	NA	NA	NA
"ICUS1258"	"Monke"	"Eric A."	NA	NA	NA
"ICUS1259"	"Montilus"	"Guérin Chapsal"	NA	NA	NA
"ICUS1260"	"Moody"	"Harry Rick"	NA	NA	NA
"ICUS1262"	"Moon"	"Robert James"	NA	NA	NA
"ICUS1263"	"Moon"	"Sun Myung"	NA	NA	NA
"ICUS1264"	"Moore"	"Jerry R."	NA	NA	NA
"ICUS1265"	"Moore"	"John H."	NA	NA	NA
"ICUS1266"	"Moraitis"	"Thanassis"	NA	NA	NA
"ICUS1267"	"Morales-Carrion"	"Arturo"	NA	NA	NA
"ICUS1268"	"Moravcsik"	"Michael J."	NA	NA	NA
"ICUS1269"	"Morgan"	"Herbert R."	NA	NA	NA
"ICUS1270"	"Morgenstern"	"Oscar"	NA	NA	NA
"ICUS1271"	"Mori"	"Ryoichi"	NA	NA	NA
"ICUS1272"	"Mori"	"Takahide"	NA	NA	NA
"ICUS1273"	"Morin-Nahoum"	"Edgar"	NA	NA	NA
"ICUS1274"	"Moses"	"Charles"	NA	NA	NA
"ICUS1275"	"Moss"	"Scott J."	NA	NA	NA
"ICUS1276"	"Motoyama"	"Hiroshi"	NA	NA	NA
"ICUS1277"	"Motz"	"Lloyd"	NA	NA	NA
"ICUS1278"	"Moutsopoulos"	"Evanghelos"	NA	NA	NA
"ICUS1279"	"Moyer"	"Kenneth Evan"	NA	NA	NA
"ICUS1280"	"Mueller-Ibold"	"Klaus"	NA	NA	NA
"ICUS1281"	"Mufti"	"Rashid"	NA	NA	NA
"ICUS1282"	"Mull"	"Donald R."	NA	NA	NA
"ICUS1283"	"Mulliken"	"Robert Sanderson"	"B1896-06-07"	"B1896-06-07"	NA
"ICUS1284"	"Mullins"	"Philip"	NA	NA	NA
"ICUS1285"	"Munz"	"Peter"	NA	NA	NA
"ICUS1286"	"Mupawaenda"	"Anna C."	NA	NA	NA
"ICUS1287"	"Murakami"	"Yoichiro"	NA	NA	NA
"ICUS1288"	"Murphy"	"Matthew Francis"	NA	NA	NA
"ICUS1289"	"Murray"	"Priscilla"	NA	NA	NA
"ICUS1290"	"Murthy"	"M. V. R. S."	NA	NA	NA
"ICUS1291"	"Mustard"	"James Fraser"	NA	NA	NA
"ICUS1292"	"Muth"	"John Fraser"	NA	NA	NA
"ICUS1293"	"Muto"	"Paul Tadao"	NA	NA	NA
"ICUS1294"	"Nadeau"	"Robert L."	NA	NA	NA
"ICUS1295"	"Naess"	"Arne"	NA	NA	NA
"ICUS1296"	"Nagasaka"	"Francis Gen-ichiro"	NA	NA	NA
"ICUS1297"	"Nagata"	"Katsutaro"	NA	NA	NA
"ICUS1298"	"Nagley"	"Winfield E."	NA	NA	NA
"ICUS1299"	"Nagy"	"Denes"	NA	NA	NA
"ICUS1300"	"Nahemow"	"Lucille"	NA	NA	NA
"ICUS1301"	"Nahvi"	"Mahmood J."	NA	NA	NA
"ICUS1302"	"Naidu"	"Ratna"	NA	NA	NA
"ICUS1303"	"Nainggolan"	"Seri Condar"	NA	NA	NA
"ICUS1304"	"Nakagawa"	"Hideyasu"	NA	NA	NA
"ICUS1305"	"Nakagawa"	"Manabu"	NA	NA	NA
"ICUS1306"	"Nakahara"	"Hideomi"	NA	NA	NA
"ICUS1307"	"Nakajima"	"Masaki"	NA	NA	NA
"ICUS1308"	"Nakicenovic"	"Nebojsa"	NA	NA	NA
"ICUS1309"	"Namiki"	"Nobuyoshi"	NA	NA	NA
"ICUS1310"	"Nanda"	"Jatinder Nath"	NA	NA	NA
"ICUS1311"	"Naranjo Vargas"	"Plutarco"	NA	NA	NA
"ICUS1312"	"Nasr"	"Seyyed Hossein"	NA	NA	"B1933-04-07"
"ICUS1313"	"Nasr"	"Vali Reza"	NA	NA	NA
"ICUS1314"	"Ndeti"	"Kivuto"	NA	NA	NA
"ICUS1315"	"Neal"	"Fred Warner"	NA	NA	NA
"ICUS1316"	"Neel"	"Louis Eugene Felix"	"B1904-11-22"	"B1904-11-22"	"B1904-11-22"
"ICUS1317"	"Ne'eman"	"Yuval"	"B1925-05-14"	"B1925-05-14"	"B1925-05-14"
"ICUS1318"	"Nehnevajsa"	"Jiri"	NA	NA	NA
"ICUS1319"	"Newburgh"	"Robert Warren"	NA	NA	NA
"ICUS1320"	"Newcombe"	"Hanna"	NA	NA	NA
"ICUS1321"	"Nezlin"	"Mikhail Veniaminovich"	NA	NA	NA
"ICUS1322"	"Niangoran-Bouah"	"Georges"	NA	NA	NA
"ICUS1323"	"Nicholls"	"Michael"	NA	NA	NA
"ICUS1324"	"Nicholson"	"Kelly"	NA	NA	NA
"ICUS1325"	"Nielsen"	"Kai"	NA	NA	NA
"ICUS1326"	"Niemeyer"	"Gerhart"	"B1907-02-15"	"B1907-02-15"	"B1907"
"ICUS1327"	"Nikolaev"	"Alekseĭ Vsevolodovich"	NA	NA	NA
"ICUS1328"	"Nilsson"	"Sam"	NA	NA	NA
"ICUS1329"	"Nishibori"	"Eizaburo"	NA	NA	NA
"ICUS1330"	"Nishimura"	"Shun'ichi"	NA	NA	NA
"ICUS1331"	"Nishio"	"Riitsu"	NA	NA	NA
"ICUS1332"	"Niskin"	"Shale Jack"	NA	NA	NA
"ICUS1333"	"Nixon"	"Alan C."	NA	NA	NA
"ICUS1334"	"Njock"	"G. Edward"	NA	NA	NA
"ICUS1335"	"Noble"	"Jane"	NA	NA	NA
"ICUS1336"	"Noda"	"Keisuke"	NA	NA	NA
"ICUS1337"	"Noda"	"Masaharu"	NA	NA	NA
"ICUS1338"	"Noel-Baker"	"Philip John"	"B1889-11-01"	NA	NA
"ICUS1339"	"Nomura"	"Kenji"	NA	NA	NA
"ICUS1340"	"Noonan"	"Richard D."	NA	NA	NA
"ICUS1341"	"Fortunate Eagle"	"Adam Nordwall"	NA	NA	NA
"ICUS1342"	"Norrish"	"Ronald George Wreyford"	"B1897-11-09"	NA	NA
"ICUS1343"	"Northrup"	"Filmer Stuart Cuckow"	NA	NA	NA
"ICUS1344"	"Norton"	"Michael G."	NA	NA	NA
"ICUS1345"	"Novak"	"Philip"	NA	NA	NA
"ICUS1346"	"Novak"	"Richey"	NA	NA	NA
"ICUS1347"	"Novosel"	"Pavao"	NA	NA	NA
"ICUS1348"	"Nowell-Smith"	"Patrick"	NA	NA	NA
"ICUS1349"	"Nutz"	"Walter"	NA	NA	NA
"ICUS1350"	"Oae"	"Shigeru"	NA	NA	NA
"ICUS1351"	"Oates"	"Joyce Carol"	NA	NA	"B1938-06-16"
"ICUS1352"	"Obayashi"	"Tatsuzo"	NA	NA	NA
"ICUS1353"	"Obeng"	"Letitia Eva"	NA	NA	"B1925-01-10"
"ICUS1354"	"Oberg"	"James Edward"	NA	NA	NA
"ICUS1355"	"O'Brien"	"Brian J."	"B1898-01-02"	"B1898-01-02"	"B1898-01-02"
"ICUS1356"	"O'Connor"	"Anthony Michael"	NA	NA	NA
"ICUS1357"	"Oeschger"	"Hans"	NA	NA	NA
"ICUS1358"	"O'Hear"	"Anthony"	NA	NA	NA
"ICUS1359"	"Ohin"	"Alexandre J."	"B1920-03-20"	NA	NA
"ICUS1360"	"Ollom"	"John Frederick"	NA	NA	NA
"ICUS1361"	"Okatcha"	"Frederick M."	NA	NA	NA
"ICUS1362"	"Okoli"	"Ekwueme Felix"	NA	NA	NA
"ICUS1363"	"Olds"	"Glenn Alvero"	NA	NA	NA
"ICUS1364"	"O'Leary"	"Brian Todd"	NA	NA	NA
"ICUS1365"	"Oliver Jr."	"Horace G."	NA	NA	NA
"ICUS1366"	"Oloko"	"Olatunde"	NA	NA	NA
"ICUS1367"	"Omidvar"	"Kazem"	NA	NA	NA
"ICUS1368"	"Oncley"	"John Lawrence"	NA	NA	NA
"ICUS1369"	"Onwuka"	"Ralph Iheanyi"	NA	NA	NA
"ICUS1370"	"Ooshika"	"Yuzuru"	NA	NA	NA
"ICUS1371"	"Oosthuizen"	"Gerhard"	NA	NA	NA
"ICUS1372"	"Opp"	"Karl-Dieter"	NA	NA	NA
"ICUS1373"	"Ordeshook"	"Peter Carl"	NA	NA	NA
"ICUS1374"	"O'Regan"	"Brendan"	NA	NA	NA
"ICUS1375"	"Orth"	"Ernst Wolfgang"	NA	NA	NA
"ICUS1376"	"Ostriker"	"Jeremiah Paul"	NA	"B1937-01-13"	"B1937-04-13"
"ICUS1377"	"Ostrom"	"Vincent"	NA	NA	NA
"ICUS1378"	"Otani"	"Akifumi"	NA	NA	NA
"ICUS1379"	"Otero Ruiz"	"Efraim"	NA	NA	NA
"ICUS1380"	"Otsuka"	"Shigeru"	NA	NA	NA
"ICUS1381"	"Ovtcharov"	"Rumen"	NA	NA	NA
"ICUS1382"	"Owusu"	"Maxwell K."	NA	NA	NA
"ICUS1383"	"Oxenham"	"John"	NA	NA	NA
"ICUS1384"	"Pachocinski"	"Ryszard"	NA	NA	NA
"ICUS1385"	"Paik"	"Chull"	NA	NA	NA
"ICUS1386"	"Palay"	"Sanford Louis"	NA	NA	NA
"ICUS1387"	"Palmer"	"Spencer John"	NA	NA	NA
"ICUS1388"	"Palter"	"Robert Monroe"	NA	NA	NA
"ICUS1389"	"Paoletti"	"Maurizio Guido"	NA	NA	NA
"ICUS1390"	"Papagiannis"	"Michael Demetrius"	NA	NA	NA
"ICUS1391"	"Paquet"	"Jean-Guy"	NA	NA	NA
"ICUS1392"	"Paradis"	"Andree"	NA	NA	NA
"ICUS1393"	"Park"	"Charles Rawlinson"	NA	"B1916"	"B1916-03-02"
"ICUS1394"	"Park"	"Choong-Suh"	NA	NA	NA
"ICUS1395"	"Park"	"Han Shik"	NA	NA	NA
"ICUS1396"	"Park"	"Paul Kilho"	NA	NA	NA
"ICUS1397"	"Parpia"	"Husain A. B."	NA	NA	NA
"ICUS1398"	"Parra-Luna"	"Francisco"	NA	NA	NA
"ICUS1399"	"Parrinder"	"Geoffrey"	NA	NA	NA
"ICUS1400"	"Parsegian"	"Vozcan Lawrence"	NA	NA	NA
"ICUS1401"	"Parsons"	"Arthur Shattuck"	NA	NA	NA
"ICUS1402"	"Patai"	"Raphael"	NA	NA	NA
"ICUS1403"	"Patiño"	"José Félix"	NA	NA	NA
"ICUS1404"	"Paul"	"Norman L."	NA	NA	NA
"ICUS1405"	"Pawar"	"Shri M. S."	NA	NA	NA
"ICUS1406"	"Pawlowski"	"Krzysztof Kazimierz"	NA	NA	NA
"ICUS1407"	"Pawson"	"Ray"	NA	NA	NA
"ICUS1408"	"Pearson"	"Paul B."	NA	NA	NA
"ICUS1409"	"Peccei"	"Aurelio"	"B1908-07-04"	NA	NA
"ICUS1410"	"Pei"	"Wu-Huan"	NA	NA	NA
"ICUS1411"	"Penasse"	"Lucien"	NA	NA	NA
"ICUS1412"	"Penfold"	"Anthony H."	NA	NA	NA
"ICUS1413"	"Pentikäinen"	"Juha"	NA	NA	NA
"ICUS1414"	"Peperzak"	"Adriaan Theodoor"	NA	NA	NA
"ICUS1415"	"Perović"	"Miloš R."	NA	NA	NA
"ICUS1416"	"Perroux"	"François"	"B1903-12-19"	"B1903-12-19"	NA
"ICUS1417"	"Perry"	"Alfred M."	NA	NA	NA
"ICUS1418"	"Perry"	"Paul J."	NA	NA	NA
"ICUS1419"	"Petersen"	"Arne Friemuth"	NA	NA	NA
"ICUS1420"	"Petrobelli"	"Pierluigi"	NA	NA	NA
"ICUS1421"	"Petroni"	"Angelo Maria"	NA	NA	NA
"ICUS1422"	"Petrov"	"Alexander"	NA	NA	NA
"ICUS1423"	"Petrovic"	"Alexandre G."	NA	NA	NA
"ICUS1424"	"Phan"	"Peter C."	NA	NA	NA
"ICUS1425"	"Philipps"	"Herbert"	NA	NA	NA
"ICUS1426"	"Phillips"	"Nicholas J."	NA	NA	NA
"ICUS1427"	"Phlegar"	"Jacquelyn Kegley"	NA	NA	NA
"ICUS1428"	"Phlegar"	"Theodore Curtis"	NA	NA	NA
"ICUS1429"	"Piaget"	"Jean"	"B1896-08-09"	NA	NA
"ICUS1430"	"Piatier"	"André"	"B1914-06-25"	"B1914-06-25"	NA
"ICUS1431"	"Piccard"	"Jacques"	"B1922-07-28"	"B1922-07-28"	"B1922-07-28"
"ICUS1432"	"Pietschmann"	"Herbert"	NA	NA	NA
"ICUS1433"	"Piganiol"	"Pierre"	NA	NA	NA
"ICUS1434"	"Pikas"	"Anatol"	NA	NA	NA
"ICUS1435"	"Pillsbury"	"Barbara L. K."	NA	NA	NA
"ICUS1436"	"Pimentel"	"David"	NA	NA	NA
"ICUS1437"	"Pincheira"	"Guido"	NA	NA	NA
"ICUS1438"	"Piotrowski"	"Jerzy"	NA	NA	NA
"ICUS1439"	"Pirtle"	"Lizette"	NA	NA	NA
"ICUS1440"	"Platonov"	"Alexey"	NA	NA	NA
"ICUS1441"	"Pleijel"	"Ake"	NA	NA	NA
"ICUS1442"	"Pobanz"	"Kerry C."	NA	NA	NA
"ICUS1443"	"Azorín Poch"	"Francisco"	NA	NA	NA
"ICUS1444"	"Pöggeler"	"Otto"	NA	NA	"B1928-12-12"
"ICUS1445"	"Pogue"	"Delores"	NA	NA	NA
"ICUS1446"	"Pohl"	"Frederick"	NA	NA	NA
"ICUS1447"	"Pollard"	"William Grosvenor"	NA	NA	NA
"ICUS1448"	"Ponnamperuma"	"Cyril"	NA	NA	NA
"ICUS1449"	"Poole"	"Alan D."	NA	NA	NA
"ICUS1450"	"Popper"	"Hans"	NA	NA	NA
"ICUS1451"	"Popper"	"Karl Raimund"	"B1902-07-28"	"B1902-07-28"	NA
"ICUS1452"	"Posarac"	"Aleksandra"	NA	NA	NA
"ICUS1453"	"Pospelov"	"Igorʹ Germogenovich"	NA	NA	NA
"ICUS1454"	"Post"	"John Frederick"	NA	NA	NA
"ICUS1455"	"Post"	"Stephen Garrard"	NA	NA	NA
"ICUS1456"	"Power"	"Camilia"	NA	NA	NA
"ICUS1457"	"Prakash"	"Ravi"	NA	NA	NA
"ICUS1458"	"Pratt"	"Edward O."	NA	NA	NA
"ICUS1459"	"Prechter Jr"	"Robert Rougelot"	NA	NA	NA
"ICUS1460"	"Preparata"	"Giuliano"	NA	NA	NA
"ICUS1461"	"Pribram"	"Karl Harry"	NA	NA	NA
"ICUS1462"	"Price"	"Charles Coale"	NA	NA	NA
"ICUS1463"	"Prickett"	"Stephen"	NA	NA	NA
"ICUS1464"	"Prigogine"	"Ilya Ramanovich"	"B1917-01-25"	"B1917-01-25"	"B1917-01-25"
"ICUS1465"	"Primas"	"Hans"	NA	NA	NA
"ICUS1466"	"Pringle"	"John William Sutton"	NA	NA	NA
"ICUS1467"	"Procaccia"	"Itamar"	NA	NA	NA
"ICUS1468"	"Proctor"	"Donald Frederick"	NA	NA	NA
"ICUS1469"	"Proctor"	"John Howard"	NA	NA	NA
"ICUS1470"	"Proctor"	"Paul Dean"	NA	NA	NA
"ICUS1471"	"Prothro"	"Edwin Terry"	NA	NA	NA
"ICUS1472"	"Hintikka"	"Merrill Bristow (Provence)"	NA	NA	NA
"ICUS1473"	"Prucha"	"Jan"	NA	NA	NA
"ICUS1474"	"Psomopoulos"	"Panayis"	NA	NA	NA
"ICUS1475"	"Pulida"	"Carlos"	NA	NA	NA
"ICUS1476"	"Puranen"	"Bi"	NA	NA	NA
"ICUS1477"	"Purdy"	"William Crossley"	NA	NA	NA
"ICUS1478"	"Puri"	"Gopal Singh"	NA	NA	NA
"ICUS1479"	"Quadens"	"Olga"	NA	NA	NA
"ICUS1480"	"Quine"	"Willard Van Orman"	"B1908-06-25"	"B1908-06-25"	"B1908-06-25"
"ICUS1481"	"Quispel"	"Gilles"	NA	NA	NA
"ICUS1482"	"Rabi"	"Isidor Isaac"	"B1989-07-29"	"B1898-07-29"	NA
"ICUS1483"	"Rabie"	"Mohamed"	NA	NA	NA
"ICUS1484"	"Rabinovitch"	"Mikhail Izrailevich"	NA	NA	NA
"ICUS1485"	"Radkowsky"	"Alvin"	NA	NA	NA
"ICUS1486"	"Radkowsky"	"Annette Eisenberg"	NA	NA	NA
"ICUS1487"	"Radnitzky"	"Gerard"	NA	NA	NA
"ICUS1488"	"Rafeq"	"Abdul-Karim"	NA	NA	NA
"ICUS1489"	"Rahman"	"Abdur"	NA	NA	NA
"ICUS1490"	"Rakic"	"Ljubisav M."	NA	NA	NA
"ICUS1491"	"Rambidi"	"Nicholas George"	NA	NA	NA
"ICUS1492"	"Ramey"	"James W."	NA	NA	NA
"ICUS1493"	"Ramirez"	"Jesus Martin"	NA	NA	NA
"ICUS1494"	"Ramirez"	"Ricardo"	NA	NA	NA
"ICUS1495"	"Ramon"	"Ceon"	NA	NA	NA
"ICUS1496"	"Rand"	"George Dutton"	NA	NA	NA
"ICUS1497"	"Randolph"	"Yaovi E."	NA	NA	NA
"ICUS1498"	"Rannit"	"Aleksis"	NA	NA	NA
"ICUS1499"	"Arvola-Rantanen"	"Marja"	NA	NA	NA
"ICUS1500"	"Rao"	"K. L. Seshagiri"	NA	NA	NA
"ICUS1501"	"Rao"	"Y. V. Lakshmana"	NA	NA	NA
"ICUS1502"	"Rasool"	"Saiyed Ichtiaque"	NA	NA	NA
"ICUS1503"	"Ratanakul"	"Pinit"	NA	NA	NA
"ICUS1504"	"Rather"	"Lelland Joseph"	NA	NA	NA
"ICUS1505"	"Rau"	"Carl"	NA	NA	NA
"ICUS1506"	"Rauf"	"Muhamad Abdul"	NA	NA	NA
"ICUS1507"	"Rauscher"	"Elizabeth A."	NA	NA	NA
"ICUS1508"	"Raven"	"Ronald William"	NA	NA	NA
"ICUS1509"	"Ravindra"	"Ravi"	NA	NA	NA
"ICUS1510"	"Rawat"	"Kirti Swaroop"	NA	NA	NA
"ICUS1511"	"Ray"	"Lewis"	NA	NA	NA
"ICUS1512"	"Rayapen"	"Lewis C. A."	NA	NA	NA
"ICUS1513"	"Razumova"	"Ksenia Aleksandrovna"	NA	NA	NA
"ICUS1514"	"Reck"	"Andrew Joseph"	NA	NA	NA
"ICUS1515"	"Reeves"	"Gene G."	NA	NA	NA
"ICUS1516"	"Reeves"	"Marjorie Ethel"	NA	"B1905-07-17"	NA
"ICUS1517"	"Reith"	"Charles C."	NA	NA	NA
"ICUS1518"	"Renfrew"	"Malcolm Mackenzie"	NA	NA	NA
"ICUS1519"	"Rescher"	"Nicholas"	NA	NA	"B1928-07-15"
"ICUS1520"	"Reyes"	"Ramon Castillo"	NA	NA	NA
"ICUS1521"	"Reynolds"	"Peter C."	NA	NA	NA
"ICUS1522"	"Rhee"	"Keun-Ho"	NA	NA	NA
"ICUS1523"	"Rhee"	"Kyu-Ho"	NA	NA	NA
"ICUS1524"	"Rheinfrank III"	"John J."	NA	NA	NA
"ICUS1525"	"Rhi"	"Ki-Young"	NA	NA	NA
"ICUS1526"	"Rhine"	"Joseph Banks"	NA	NA	NA
"ICUS1527"	"Richards"	"David Armand Joseph"	NA	NA	NA
"ICUS1528"	"Richardson"	"Herbert Warren"	NA	NA	NA
"ICUS1529"	"Richardson"	"Roger W."	NA	NA	NA
"ICUS1530"	"Richardson"	"William John"	NA	NA	NA
"ICUS1531"	"Calder"	"Peter Ritchie"	NA	NA	NA
"ICUS1532"	"Ricketts"	"Robert Murray"	NA	NA	NA
"ICUS1533"	"Riecken"	"Henry William"	NA	NA	NA
"ICUS1534"	"Ritterbush"	"Philip C."	NA	NA	NA
"ICUS1535"	"Rivett"	"Berwyn Hugh Patrick"	NA	NA	NA
"ICUS1536"	"Robbins"	"Earldean V. S."	NA	NA	NA
"ICUS1537"	"Roberts"	"Richard Brooke"	NA	NA	NA
"ICUS1538"	"Robertson"	"Rebecca"	NA	NA	NA
"ICUS1539"	"Robertson"	"Roland"	NA	NA	NA
"ICUS1540"	"Robinson"	"Daniel Nicholas"	NA	NA	NA
"ICUS1541"	"Robinson"	"Edward Armitage"	NA	NA	NA
"ICUS1542"	"Robinson"	"Enders Anthony"	NA	NA	NA
"ICUS1543"	"Rödding"	"Walburga"	NA	NA	NA
"ICUS1544"	"Rodman"	"John R."	NA	NA	NA
"ICUS1545"	"Rodriguez Delgado"	"Rafael"	NA	NA	NA
"ICUS1546"	"Roger"	"Jacques"	NA	NA	NA
"ICUS1547"	"Rogner"	"Ingrid Birgitta"	NA	NA	NA
"ICUS1548"	"Rogowski"	"Józef"	NA	NA	NA
"ICUS1549"	"Rohatgi"	"Kalpana"	NA	NA	NA
"ICUS1550"	"Rohatgi"	"Pradeep Kumar"	NA	NA	NA
"ICUS1551"	"Rohmann"	"Klaus"	NA	NA	NA
"ICUS1552"	"Romo Saltos"	"Luis A."	NA	NA	NA
"ICUS1553"	"Rörsch"	"Arthur"	NA	NA	NA
"ICUS1554"	"Rose"	"Mary Carman"	NA	NA	NA
"ICUS1555"	"Rosen"	"Steven Jack"	NA	NA	NA
"ICUS1556"	"Rosenberg"	"Leon J."	NA	NA	NA
"ICUS1557"	"Rosenblueth"	"Emilio"	NA	NA	NA
"ICUS1558"	"Rosenfeld"	"Albert"	NA	NA	NA
"ICUS1559"	"Rosenmayr"	"Hilde"	NA	NA	NA
"ICUS1560"	"Rosenmayr"	"Leopold"	NA	NA	NA
"ICUS1561"	"Rosenqvist"	"Ivan Thoralf"	NA	NA	NA
"ICUS1562"	"Roslansky"	"John Dale"	NA	NA	NA
"ICUS1563"	"Rosow"	"Irving"	NA	NA	NA
"ICUS1564"	"Ross"	"Sherman"	NA	NA	NA
"ICUS1565"	"Rotblat"	"Joseph"	"B1908-11-04"	"B1908-11-04"	"B1908-11-04"
"ICUS1566"	"Roth"	"John King"	NA	NA	NA
"ICUS1567"	"Rottenberg"	"Simon"	NA	NA	NA
"ICUS1568"	"Rouve"	"Pierre"	NA	NA	NA
"ICUS1569"	"Rowe"	"David Nelson"	NA	NA	NA
"ICUS1570"	"Rowland"	"Frank Sherwood"	NA	NA	NA
"ICUS1571"	"Roy"	"William Theodore"	NA	NA	NA
"ICUS1572"	"Royce"	"Joseph Russell"	NA	NA	NA
"ICUS1573"	"Roze"	"Janis Arnold"	NA	NA	NA
"ICUS1574"	"Rubenstein"	"Betty Rogers"	NA	NA	NA
"ICUS1575"	"Rubenstein"	"Richard L."	NA	NA	NA
"ICUS1576"	"Rubinger"	"Richard"	NA	NA	NA
"ICUS1577"	"Rueff"	"Jacques"	"B1896-08-23"	NA	NA
"ICUS1578"	"Ruegg"	"Walter Heinrich‏"	NA	NA	NA
"ICUS1579"	"Rukare"	"Enoka H."	NA	NA	NA
"ICUS1580"	"Rumscheidt"	"Hans Martin"	NA	NA	NA
"ICUS1581"	"Russell"	"John L."	NA	NA	NA
"ICUS1582"	"Rutter"	"William J."	NA	NA	NA
"ICUS1583"	"Ryan"	"John William"	NA	NA	NA
"ICUS1584"	"Ryzl"	"Milan"	NA	NA	NA
"ICUS1585"	"Sabato"	"Jorge Alberto"	NA	NA	NA
"ICUS1586"	"Sabelman"	"Eric E."	NA	NA	NA
"ICUS1587"	"Sabouret"	"Jean-Francois"	NA	NA	NA
"ICUS1588"	"Sachs"	"Vladimir"	NA	NA	NA
"ICUS1589"	"Sagasti"	"Francisco R."	NA	NA	NA
"ICUS1590"	"Sakai"	"Hidehisa"	NA	NA	NA
"ICUS1591"	"Sakamoto"	"Hyakudai"	NA	NA	NA
"ICUS1592"	"Sakr"	"Mohamed Ahmed"	NA	NA	NA
"ICUS1593"	"Salaquarda"	"Joerg"	NA	NA	NA
"ICUS1594"	"Salazar"	"Zeus A."	NA	NA	NA
"ICUS1595"	"Saleh"	"Rouchdy S."	NA	NA	NA
"ICUS1596"	"Salin"	"Pascal"	NA	NA	NA
"ICUS1597"	"Salk"	"Jonas Edward"	"B1914-10-28"	"B1914-10-28"	NA
"ICUS1598"	"Salonen"	"Neil Albert"	NA	NA	NA
"ICUS1599"	"Samarawickrama"	"Gervin Panduka"	NA	NA	NA
"ICUS1600"	"Samuelson"	"Norbert Max"	NA	NA	NA
"ICUS1601"	"Sandhu"	"Kernial Singh"	NA	NA	NA
"ICUS1602"	"Sanfuentes"	"Andres"	NA	NA	NA
"ICUS1603"	"Sannangelantonio"	"Luce"	NA	NA	NA
"ICUS1604"	"Santoso"	"R. Slamet Iman"	NA	NA	NA
"ICUS1605"	"Sanuki"	"Toshio"	NA	NA	NA
"ICUS1606"	"Saqeb"	"Ghulam Nabi"	NA	NA	NA
"ICUS1607"	"Saqqaf"	"Abdulaziz"	NA	NA	NA
"ICUS1608"	"Sass"	"Hans-Martin"	NA	NA	NA
"ICUS1609"	"Sato"	"Kazuo"	NA	NA	NA
"ICUS1610"	"Sato"	"Motoyasu"	NA	NA	NA
"ICUS1611"	"Sauder"	"Deborah G."	NA	NA	NA
"ICUS1612"	"Saunders"	"Brian"	NA	NA	NA
"ICUS1613"	"Savin-Williams"	"Ritch C."	NA	NA	NA
"ICUS1614"	"Sawada"	"Nobushige"	NA	NA	NA
"ICUS1615"	"Scalera"	"Garrett N."	NA	NA	NA
"ICUS1616"	"Scarr"	"Sandra Wood"	NA	NA	NA
"ICUS1617"	"Schacter"	"Oscar"	NA	NA	NA
"ICUS1618"	"Schaff"	"Adam"	"B1913-03-10"	"B1913-03-10"	"B1913-03-10"
"ICUS1619"	"Scharfstein"	"Ben-Ami"	NA	NA	NA
"ICUS1620"	"Scharlemann"	"Robert Paul"	NA	NA	NA
"ICUS1621"	"Scheer"	"Bradley Titus"	NA	NA	NA
"ICUS1622"	"Schellenberg"	"James Arthur"	NA	NA	NA
"ICUS1623"	"Scheuch"	"Erwin Kurt"	NA	"B1928-06-09"	"B1928-06-09"
"ICUS1624"	"Schiffman"	"Robert F."	NA	NA	NA
"ICUS1625"	"Schilpp"	"Paul Arthur"	"B1897-02-06"	"B1897-02-06"	NA
"ICUS1626"	"Schindler"	"David W."	NA	NA	NA
"ICUS1627"	"Schips"	"Bernd"	NA	NA	NA
"ICUS1628"	"Schleicher"	"Klaus"	NA	NA	NA
"ICUS1629"	"Schmidt"	"Christian"	NA	NA	"B1938-07-20"
"ICUS1630"	"Schmidt"	"Robert M."	NA	NA	NA
"ICUS1631"	"Schopper"	"Erwin"	NA	NA	NA
"ICUS1632"	"Schuster"	"Peter Maria"	NA	NA	NA
"ICUS1633"	"Schwartz"	"Alan"	NA	NA	NA
"ICUS1634"	"Schwarz"	"Hans"	NA	NA	NA
"ICUS1635"	"Schwarz"	"Helmut J."	NA	NA	NA
"ICUS1636"	"Scorer"	"Richard Segar"	NA	NA	NA
"ICUS1637"	"Scott"	"A. Kieran"	NA	NA	NA
"ICUS1638"	"Scott"	"George Prescott"	NA	NA	NA
"ICUS1639"	"Scott"	"John Paul"	NA	NA	NA
"ICUS1640"	"Seaborg"	"Glenn Theodore"	"B1912-04-19"	"B1912-04-19"	"B1912-04-19"
"ICUS1641"	"Segal"	"Irving Ezra"	NA	"B1918-09-13"	"B1918-09-13"
"ICUS1642"	"Segre"	"Dan Vittorio"	NA	NA	NA
"ICUS1643"	"Segre"	"Emilio Gino"	"B1905-02-01"	"B1905-02-01"	NA
"ICUS1644"	"Seidel"	"Dietrich Friedmar"	NA	NA	NA
"ICUS1645"	"Seifert"	"Josef M."	NA	NA	NA
"ICUS1646"	"Seitelberger"	"Franz"	NA	NA	NA
"ICUS1647"	"Seitz"	"Frederick"	"B1911-07-04"	"B1911-07-04"	"B1911-07-04"
"ICUS1648"	"Seldon"	"Arthur"	NA	NA	NA
"ICUS1649"	"Sellin"	"Norbert"	NA	NA	NA
"ICUS1650"	"Selover"	"Thomas Whitfield"	NA	NA	NA
"ICUS1651"	"Selvaratnam"	"Viswanathan"	NA	"B1934-12-04"	"B1934-12-04"
"ICUS1652"	"Sengoku"	"Tamotsu"	NA	NA	NA
"ICUS1653"	"Sen Gupta"	"Santosh Chandra‏"	NA	NA	NA
"ICUS1654"	"Sermonti"	"Guiseppe"	NA	NA	NA
"ICUS1655"	"Serour"	"Gamal I."	NA	NA	NA
"ICUS1656"	"Serruya"	"Collette"	NA	NA	NA
"ICUS1657"	"Seshachari"	"Candadai"	NA	NA	NA
"ICUS1658"	"Settle"	"Tom"	NA	NA	NA
"ICUS1659"	"Sexl"	"Roman Ulrich"	NA	NA	NA
"ICUS1660"	"Shadrikov"	"Vladimir Dmitrievich"	NA	NA	NA
"ICUS1661"	"Shah"	"Mohammed Hazim"	NA	NA	NA
"ICUS1662"	"Shah"	"Zulfiqar Ali"	NA	NA	NA
"ICUS1663"	"Shaked"	"Shaul"	NA	NA	"B1933-02-08"
"ICUS1664"	"Shananin"	"Alexander"	NA	NA	NA
"ICUS1665"	"Shapere"	"Dudley"	NA	NA	NA
"ICUS1666"	"Shapiro"	"Ascher Herman"	"B1916-05-20"	"B1916-05-20"	"B1916-05-20"
"ICUS1667"	"Shapiro"	"Maurice Mandel"	NA	NA	NA
"ICUS1668"	"Sharkey"	"Paul W."	NA	NA	NA
"ICUS1669"	"Sharpe"	"Richard W."	NA	NA	NA
"ICUS1670"	"Shea Jr"	"John J."	NA	NA	NA
"ICUS1671"	"Shealy"	"Clyde Norman"	NA	NA	NA
"ICUS1672"	"Shearmur"	"Jeremy"	NA	NA	NA
"ICUS1673"	"Shechtman"	"Daniel"	NA	NA	NA
"ICUS1674"	"Sheffield"	"Charles"	NA	NA	NA
"ICUS1675"	"Sheikh"	"Khalid Hamid"	NA	NA	NA
"ICUS1676"	"Shen"	"Chun-Shan"	NA	NA	NA
"ICUS1677"	"Shepard"	"Paul"	NA	NA	NA
"ICUS1678"	"Shepher"	"Joseph"	NA	NA	NA
"ICUS1679"	"Shickle"	"Darren"	NA	NA	NA
"ICUS1680"	"Shieh"	"Milton Mung-Shiung"	NA	NA	NA
"ICUS1681"	"Shigematsu"	"Itsuzo"	NA	NA	NA
"ICUS1682"	"Shils"	"Edward Albert"	NA	NA	NA
"ICUS1683"	"Shim"	"Chong Supp"	NA	NA	NA
"ICUS1684"	"Shimizu"	"Nobuyoshi"	NA	NA	NA
"ICUS1685"	"Shimmyo"	"Theodore Tadaaki"	NA	NA	NA
"ICUS1686"	"Shin"	"Tong-Choon"	NA	NA	NA
"ICUS1687"	"Shinagawa"	"Yasuko"	NA	NA	NA
"ICUS1688"	"Shinagawa"	"Yoshiya"	NA	NA	NA
"ICUS1689"	"Shiraki"	"Hirotsugu"	NA	NA	NA
"ICUS1690"	"Shock"	"Nathan Wetherill"	NA	NA	NA
"ICUS1691"	"Shockley"	"William Bradford"	"B1910-021-3"	"B1910-02-13"	NA
"ICUS1692"	"Shortland"	"Michael"	NA	NA	NA
"ICUS1693"	"Shostak"	"G. Seth"	NA	NA	NA
"ICUS1694"	"Shrader-Frechette"	"Kristin Sharon"	NA	NA	NA
"ICUS1695"	"Shtromas"	"Alexander"	NA	NA	NA
"ICUS1696"	"Shukla"	"Suresh"	NA	NA	NA
"ICUS1697"	"Sibatani"	"Atuhiro"	NA	NA	NA
"ICUS1698"	"Siddiqi"	"Mohammad Raziuddin"	"B1908-01-08"	"B1908-01-08"	NA
"ICUS1699"	"Sigmund"	"Paul Eugene"	NA	NA	NA
"ICUS1700"	"Sik"	"Endre"	"B1891-04-02"	NA	NA
"ICUS1701"	"Silbermann"	"Alfons"	NA	NA	NA
"ICUS1702"	"Silverman"	"Joseph"	NA	NA	NA
"ICUS1703"	"Sima"	"Josef"	NA	NA	NA
"ICUS1704"	"Simmons"	"Althea T. L."	NA	NA	NA
"ICUS1705"	"Simon"	"Ulrich Ernst"	NA	NA	NA
"ICUS1706"	"Sinclair"	"Warren Keith"	NA	NA	NA
"ICUS1707"	"Singer"	"Max"	NA	NA	NA
"ICUS1708"	"Singer"	"Siegfried Fred"	NA	NA	NA
"ICUS1709"	"Singh"	"Avtar"	NA	NA	NA
"ICUS1710"	"Singh"	"Khushwant"	"B1915-02-02"	"B1915-02-02"	"B1915-02"
"ICUS1711"	"Singh"	"Nelistra"	NA	NA	NA
"ICUS1712"	"Sirikanchana"	"Pataraporn"	NA	NA	NA
"ICUS1713"	"Sirluck"	"Ernest"	NA	NA	NA
"ICUS1714"	"Sirtori"	"Carlo"	NA	NA	NA
"ICUS1715"	"Sisler"	"Harry Hall"	NA	NA	NA
"ICUS1716"	"Sivaraksa"	"Sulak"	NA	NA	NA
"ICUS1717"	"Sivaraman"	"K. N."	NA	NA	NA
"ICUS1718"	"Skinner"	"Elliott Percival"	NA	NA	NA
"ICUS1719"	"Skolimowski"	"Henryk"	NA	NA	NA
"ICUS1720"	"Slade"	"Ivan"	NA	NA	NA
"ICUS1721"	"Slater"	"Edward Charles"	NA	"B1917-01-16"	"B1917-01-16"
"ICUS1722"	"Slavinska-Holy"	"Nonna"	NA	NA	NA
"ICUS1723"	"Sloane"	"David E. E."	NA	NA	NA
"ICUS1724"	"Smart"	"Roderick Ninian"	NA	NA	"B1927-05-06"
"ICUS1725"	"Smith"	"Chesterfield H."	NA	NA	NA
"ICUS1726"	"Smith"	"Huston"	NA	NA	NA
"ICUS1727"	"Smith"	"Joseph Carman"	NA	NA	NA
"ICUS1728"	"Snow"	"Charles Percy"	"B1905-10-15"	NA	NA
"ICUS1729"	"Sodipo"	"John Olubi"	NA	NA	NA
"ICUS1730"	"Soemardjan"	"Selo"	NA	NA	NA
"ICUS1731"	"Soffen"	"Gerald A."	NA	NA	NA
"ICUS1732"	"Soleri"	"Paolo"	NA	"B1919-06-21"	"B1919-06-21"
"ICUS1733"	"Soll"	"Ivan"	NA	NA	NA
"ICUS1734"	"Solomon"	"Lawrence Norval"	NA	NA	NA
"ICUS1735"	"Somit"	"Albert"	NA	NA	NA
"ICUS1736"	"Sommer"	"John W."	NA	NA	NA
"ICUS1737"	"Sommeria"	"Joel"	NA	NA	NA
"ICUS1738"	"Sonbol"	"Amira El-Azhari"	NA	NA	NA
"ICUS1739"	"Sonneman"	"Ulrich"	NA	NA	NA
"ICUS1740"	"Sontag"	"Frederick Earl"	NA	NA	NA
"ICUS1741"	"Sooklal"	"Anil"	NA	NA	NA
"ICUS1742"	"Sorbom"	"Per"	NA	NA	NA
"ICUS1743"	"Soriano"	"Fernando I."	NA	NA	NA
"ICUS1744"	"Sotomayor"	"Marta"	NA	NA	NA
"ICUS1745"	"Soyfer"	"Valery Nikolayevich"	NA	NA	NA
"ICUS1746"	"Spedding"	"Frank Harold"	"B1902-10-22"	NA	NA
"ICUS1747"	"Spence"	"John Arnott"	NA	NA	NA
"ICUS1748"	"Sperry"	"Roger Wolcott"	"B1913-08-20"	"B1913-08-20"	NA
"ICUS1749"	"Spiridakis"	"John N."	NA	NA	NA
"ICUS1750"	"Spivak"	"Dmitri Leonidovich"	NA	NA	NA
"ICUS1751"	"Spohn"	"Roberta R."	NA	NA	NA
"ICUS1752"	"Spoto"	"Peter John"	NA	NA	NA
"ICUS1753"	"Spreng"	"Daniel Theodor"	NA	NA	NA
"ICUS1754"	"Spring"	"Anita"	NA	NA	NA
"ICUS1755"	"Springer"	"Georg F."	NA	NA	NA
"ICUS1756"	"Spurgin"	"Hugh"	NA	NA	NA
"ICUS1757"	"Srinivasan"	"Mangalam"	NA	NA	NA
"ICUS1758"	"St. John"	"Donald Patrick"	NA	NA	NA
"ICUS1759"	"Stachow"	"Ulrich"	NA	NA	NA
"ICUS1760"	"Stanhill"	"Gerald"	NA	NA	NA
"ICUS1761"	"Stannett"	"Vivian Thomas"	NA	NA	NA
"ICUS1762"	"Staples"	"Robert"	NA	NA	NA
"ICUS1763"	"Stapp"	"Henry Pierce"	NA	NA	NA
"ICUS1764"	"Staub"	"Jacob Joseph"	NA	NA	NA
"ICUS1765"	"Stearns"	"Peter Nathaniel"	NA	NA	NA
"ICUS1766"	"Stehling"	"Kurt Richard"	NA	NA	NA
"ICUS1767"	"Stengers"	"Isabelle"	NA	NA	NA
"ICUS1768"	"Stent"	"Gunther Siegmund"	NA	"B1924-03-28"	"B1924-03-28"
"ICUS1769"	"Stephane"	"Robert"	NA	NA	NA
"ICUS1770"	"Stevens"	"Evelyn V."	NA	NA	NA
"ICUS1771"	"Stewart"	"Edward C."	NA	NA	NA
"ICUS1772"	"Stiebing Jr"	"William Henry"	NA	NA	NA
"ICUS1773"	"Stoessinger"	"John George"	NA	NA	NA
"ICUS1774"	"Stokstad"	"Marilyn Jane"	NA	NA	NA
"ICUS1775"	"Stolnitz"	"George J."	NA	NA	NA
"ICUS1776"	"Strasser"	"Gabor"	NA	NA	NA
"ICUS1777"	"Strehler"	"Bernard Louis"	NA	NA	NA
"ICUS1778"	"Stridbeck"	"Bolof"	NA	NA	NA
"ICUS1779"	"Strohman"	"Richard C."	NA	NA	NA
"ICUS1780"	"Stroke"	"George Wilhelm"	NA	NA	NA
"ICUS1781"	"Stromberg"	"Joseph Robert"	NA	NA	NA
"ICUS1782"	"Stromseth"	"Walter A."	NA	NA	NA
"ICUS1783"	"Stroumsa"	"Gedaliahu A. Guy"	NA	NA	NA
"ICUS1784"	"Subrahmanyam"	"Krishnaswamy"	NA	"?B1924-02-05"	NA
"ICUS1785"	"Sudarshan"	"Ennackel Chandy George"	NA	NA	NA
"ICUS1786"	"Sukhatme"	"Pandurang Vasudeo"	NA	NA	NA
"ICUS1787"	"Sulaiman"	"Sadek Jawad"	NA	NA	NA
"ICUS1788"	"Sulayman"	"Abdulhamid Abu"	NA	NA	NA
"ICUS1789"	"Sullivan"	"Michael"	NA	NA	NA
"ICUS1790"	"Sun"	"Heng-Lun"	NA	NA	NA
"ICUS1791"	"Sundberg"	"Jacob W. F."	NA	NA	NA
"ICUS1792"	"Suessmann"	"Georg"	NA	NA	NA
"ICUS1793"	"Sussman"	"Marvin B."	NA	NA	NA
"ICUS1795"	"Suttmeier"	"Richard P."	NA	NA	NA
"ICUS1796"	"Suzuki"	"David Takayoshi"	NA	NA	NA
"ICUS1797"	"Suzuki"	"Shuji"	NA	NA	NA
"ICUS1798"	"Szabolcsi"	"Miklos"	NA	"B1921-03-03"	"B1921-03-03"
"ICUS1799"	"Szalai"	"Alexander"	NA	NA	NA
"ICUS1800"	"Szent-Gyorgyi"	"Albert"	"B1893-09-16"	"B1893-09-16"	NA
"ICUS1801"	"Takada"	"Akikazu"	NA	NA	NA
"ICUS1802"	"Takahashi"	"Hikoji"	NA	NA	NA
"ICUS1803"	"Takahashi"	"Masaru"	NA	NA	NA
"ICUS1804"	"Takahashi"	"Yumiko"	NA	NA	NA
"ICUS1805"	"Takaki"	"Ryuji"	NA	NA	NA
"ICUS1806"	"Takatsuji"	"Masamoto"	NA	NA	NA
"ICUS1807"	"Takeda"	"Katsuhiko"	NA	NA	NA
"ICUS1808"	"Takeda"	"Shuzaburo"	NA	NA	NA
"ICUS1809"	"Takeuchi"	"Seiji"	NA	NA	NA
"ICUS1810"	"Takino"	"Yoshinori"	NA	NA	NA
"ICUS1811"	"Tan"	"Nalia"	NA	NA	NA
"ICUS1812"	"Tan"	"Tai Wei"	NA	NA	NA
"ICUS1813"	"Tanabe"	"Jennifer P."	NA	NA	NA
"ICUS1814"	"Tanifuji"	"Shozo"	NA	NA	NA
"ICUS1815"	"Tanner"	"Neil"	NA	NA	NA
"ICUS1816"	"Tart"	"Charles T."	NA	NA	NA
"ICUS1817"	"Tavel"	"Morton A."	NA	NA	NA
"ICUS1818"	"Tax"	"Sol"	"B1907-10-30"	"B1907-10-30"	NA
"ICUS1819"	"Taylor"	"Alastair MacDonald"	NA	NA	NA
"ICUS1820"	"Taylor"	"Gordon Ramsay Rattray"	NA	NA	NA
"ICUS1821"	"Taylor"	"Harold"	NA	NA	NA
"ICUS1822"	"Taylor"	"John Gerald"	NA	NA	NA
"ICUS1823"	"Tejada-de-Rivero"	"David Alejandro"	NA	NA	NA
"ICUS1824"	"Tejera"	"Victorino"	NA	NA	NA
"ICUS1825"	"Meulen"	"Rudolf Hubertus Jozef ter"	NA	NA	NA
"ICUS1826"	"Terada"	"Kazuo"	NA	NA	NA
"ICUS1827"	"Teshima"	"Jacob Yuroh"	NA	NA	NA
"ICUS1828"	"Thieme"	"Hans Jörg"	NA	NA	NA
"ICUS1829"	"Thomas"	"Lewis"	NA	"B1913-11-25"	NA
"ICUS1830"	"Thomas"	"Robert Murray"	NA	NA	NA
"ICUS1831"	"Thomlinson"	"Paul"	NA	NA	NA
"ICUS1832"	"Thompson"	"Henry O."	NA	NA	NA
"ICUS1833"	"Thompson"	"Joyce E."	NA	NA	NA
"ICUS1834"	"Thomson"	"George Paget"	NA	NA	NA
"ICUS1835"	"Thorhaug"	"Anitra"	NA	NA	NA
"ICUS1836"	"Thorpe"	"William Homan"	"B1902-04-01"	NA	NA
"ICUS1837"	"Thring"	"Meredith Wooldridge"	NA	NA	NA
"ICUS1838"	"Thulstrup"	"Niels"	NA	NA	NA
"ICUS1839"	"Thurston"	"Linda P."	NA	NA	NA
"ICUS1840"	"Tietzel"	"Manfred"	NA	NA	NA
"ICUS1841"	"Tilton"	"John Elvin"	NA	NA	NA
"ICUS1842"	"Titma"	"Mikk"	NA	NA	NA
"ICUS1843"	"Toba"	"Kin'ichiro"	NA	NA	NA
"ICUS1844"	"Todorovich"	"Miro"	NA	NA	NA
"ICUS1845"	"Tolbert"	"Charles R."	NA	NA	NA
"ICUS1846"	"Toll"	"John S."	NA	NA	NA
"ICUS1847"	"Tóth"	"Esther"	NA	NA	NA
"ICUS1848"	"Totter"	"John Randolph"	NA	NA	NA
"ICUS1849"	"Toyoda"	"Toshio"	NA	NA	NA
"ICUS1850"	"Treadgold"	"Donald Warren"	NA	NA	NA
"ICUS1851"	"Trefethen"	"Lloyd MacGregor"	NA	NA	NA
"ICUS1852"	"Trenn"	"Thaddeus Joseph"	NA	NA	NA
"ICUS1853"	"Trevarthen"	"Colwyn Boyd‏"	NA	NA	NA
"ICUS1854"	"Trimble"	"Virginia Louise"	NA	NA	NA
"ICUS1855"	"Trinklein"	"Frederick Ernst"	NA	NA	NA
"ICUS1856"	"Tripathi"	"Gaya Charan"	NA	NA	NA
"ICUS1857"	"Trivers"	"Robert Ludlow"	NA	NA	NA
"ICUS1858"	"Trocmé"	"Etienne"	NA	NA	NA
"ICUS1859"	"Trost"	"Jan E."	NA	NA	NA
"ICUS1860"	"Trounson"	"Alan O.‏"	NA	NA	NA
"ICUS1861"	"Tsirpanlis"	"Constantine N."	NA	NA	NA
"ICUS1862"	"Tsueshita"	"Ryuei"	NA	NA	NA
"ICUS1863"	"Tsutsui"	"Minoru"	NA	NA	NA
"ICUS1864"	"Tucker"	"Carolyn M."	NA	NA	NA
"ICUS1865"	"Tucker"	"John"	NA	NA	NA
"ICUS1866"	"Tullock"	"Gordon"	NA	NA	NA
"ICUS1867"	"Turan"	"Ilter"	NA	NA	NA
"ICUS1868"	"Turfus"	"Colin"	NA	NA	NA
"ICUS1869"	"Turner"	"Frederick Hodson"	NA	NA	NA
"ICUS1870"	"Turowicz"	"Jerzy"	NA	NA	NA
"ICUS1871"	"Turton"	"Richard John"	NA	NA	NA
"ICUS1872"	"Tyler"	"Christopher W."	NA	NA	NA
"ICUS1873"	"Uffenheimer"	"Benjamin"	NA	NA	NA
"ICUS1874"	"Ulam"	"Stanislaw Marcin"	"B1909-04-13"	NA	NA
"ICUS1875"	"Underwood"	"Richard A."	NA	NA	NA
"ICUS1876"	"Unwin"	"Thomas"	NA	NA	NA
"ICUS1877"	"Urbanski"	"Tadeusz"	"B1901-10-26"	NA	NA
"ICUS1878"	"Urey"	"Harold Clayton"	"B1893-04-29"	NA	NA
"ICUS1879"	"Usmani"	"Ishrat Husain"	"B1917-04-15"	"B1917-04-15"	NA
"ICUS1880"	"Ustay"	"Ali H."	NA	NA	NA
"ICUS1881"	"Vachani"	"Mochan"	NA	NA	NA
"ICUS1882"	"Vahanian"	"Gabriel"	NA	NA	NA
"ICUS1883"	"Vallentyne"	"John R."	NA	NA	NA
"ICUS1884"	"van den Dungen"	"Peter"	NA	NA	NA
"ICUS1885"	"Vardar"	"Yusuf"	NA	NA	NA
"ICUS1886"	"Varma"	"Vijaya S."	NA	NA	NA
"ICUS1887"	"Vasconcellos"	"Jose Inacio Cotrim"	NA	NA	NA
"ICUS1888"	"Vatsyayan"	"Kapila Malik"	NA	NA	NA
"ICUS1889"	"Vattimo"	"Gianni"	NA	NA	NA
"ICUS1890"	"Vaux"	"Kenneth Lester"	NA	NA	NA
"ICUS1891"	"Costa"	"Rubens Vaz da"	NA	NA	NA
"ICUS1892"	"Veevers"	"Jean E."	NA	NA	NA
"ICUS1893"	"Vejs"	"Janis Nameisis"	NA	NA	NA
"ICUS1894"	"Velarde"	"Manuel García"	NA	NA	NA
"ICUS1895"	"Velikhov"	"Evgeniĭ Pavlovich"	NA	NA	NA
"ICUS1896"	"Ver Eecke"	"Wilfried"	NA	NA	NA
"ICUS1897"	"Vernon"	"Glenn Morley"	NA	NA	NA
"ICUS1898"	"Versailles"	"David W."	NA	NA	NA
"ICUS1899"	"Vibert"	"Frank"	NA	NA	NA
"ICUS1900"	"Vickers"	"Charles Geoffrey"	NA	NA	NA
"ICUS1901"	"Vidor"	"Ferenc"	NA	NA	NA
"ICUS1902"	"Villee"	"Claude Alvin"	NA	NA	NA
"ICUS1903"	"Vivas"	"Eliseo"	NA	NA	NA
"ICUS1904"	"Voisin"	"Carol"	NA	NA	NA
"ICUS1905"	"Volkoff"	"George Michael"	NA	NA	NA
"ICUS1906"	"Vollmer"	"Gerhard"	NA	NA	NA
"ICUS1907"	"Euler"	"Ulf Svante von"	"B1905-02-07"	NA	NA
"ICUS1908"	"Hoerner"	"Sebastian von"	NA	NA	NA
"ICUS1909"	"Meyenn"	"Karl von"	NA	NA	NA
"ICUS1910"	"Stackelberg"	"Karl-Georg von"	NA	NA	NA
"ICUS1911"	"Studnitz"	"Wilfried von"	NA	NA	NA
"ICUS1912"	"Weizsäcker"	"Carl Friedrich von"	NA	NA	NA
"ICUS1913"	"Weizsäcker"	"Ernst Ulrich von"	NA	NA	NA
"ICUS1914"	"Waardenburg"	"Jacques"	NA	NA	NA
"ICUS1915"	"Wagaw"	"Teshome G."	NA	NA	NA
"ICUS1916"	"Wagner"	"Karel"	NA	NA	NA
"ICUS1917"	"Waite"	"Donald E."	NA	NA	NA
"ICUS1918"	"Walbot"	"Virginia E."	NA	NA	NA
"ICUS1919"	"Waldrip"	"Jack"	NA	NA	NA
"ICUS1920"	"Walker"	"John G."	NA	NA	NA
"ICUS1921"	"Wallner"	"Friedrich G."	NA	NA	NA
"ICUS1922"	"Walsh"	"Don"	"B1931"	"B1931"	"B1931"
"ICUS1923"	"Walsh"	"Thomas G."	NA	NA	NA
"ICUS1924"	"Walter"	"Edward"	NA	NA	NA
"ICUS1925"	"Walter"	"Tony"	NA	NA	NA
"ICUS1926"	"Walton"	"Ernest Thomas Sinton"	"B1903-10-06"	"B1903-10-06"	NA
"ICUS1927"	"Wanekaya"	"Alice N."	NA	NA	NA
"ICUS1928"	"Wang"	"Chun-Tsung"	NA	NA	NA
"ICUS1929"	"Wang"	"Wei-Kung"	NA	NA	NA
"ICUS1930"	"Wang"	"Wei-Nong"	NA	NA	NA
"ICUS1931"	"Ward"	"Thomas Joseph"	NA	NA	NA
"ICUS1932"	"Warner"	"Clifford Terry"	NA	NA	NA
"ICUS1933"	"Warner"	"Edward Allen"	NA	NA	NA
"ICUS1934"	"Washburn"	"Dorothy Koster"	NA	NA	NA
"ICUS1935"	"Watanabe"	"Hisayoshi"	NA	NA	NA
"ICUS1936"	"Watanuki"	"Kunihiko"	NA	NA	NA
"ICUS1937"	"Watkins"	"John William Nevill"	NA	NA	NA
"ICUS1938"	"Watson"	"Andrew James"	NA	NA	NA
"ICUS1939"	"Weber"	"Joseph"	NA	NA	NA
"ICUS1940"	"Webster-Bukovsky"	"Marion Elizabeth"	NA	NA	NA
"ICUS1941"	"Webster"	"Richard T."	NA	NA	NA
"ICUS1942"	"Weede"	"Erich H."	NA	NA	NA
"ICUS1943"	"Weidemann"	"Celia Jean"	NA	NA	NA
"ICUS1944"	"Weidemann"	"Wesley"	NA	NA	NA
"ICUS1945"	"Weidlich"	"Wolfgang"	NA	NA	NA
"ICUS1946"	"Weiler"	"Gershom"	NA	NA	NA
"ICUS1947"	"Weimer"	"Walter B."	NA	NA	NA
"ICUS1948"	"Weinberg"	"Alvin Martin"	"B1915-04-20"	"B1915-04-20"	"B1915-04-20"
"ICUS1949"	"Weiner"	"Anthony Janoff"	NA	NA	NA
"ICUS1950"	"Weiss"	"Paul Alfred"	"B1898-03-21"	"B1898-03-21"	NA
"ICUS1951"	"Wells"	"Jonathan"	NA	NA	NA
"ICUS1952"	"Wen"	"Dazhong"	NA	NA	NA
"ICUS1953"	"Werblowsky"	"Raphael Jehudah Zwi"	NA	NA	NA
"ICUS1954"	"Wescott"	"Hilja"	NA	NA	NA
"ICUS1955"	"Wescott"	"Roger Williams"	NA	NA	NA
"ICUS1956"	"White"	"Nicholas Perry"	NA	NA	NA
"ICUS1957"	"White"	"Robert Joseph"	NA	NA	NA
"ICUS1958"	"Whitehead"	"Donald Henry"	NA	NA	NA
"ICUS1959"	"Whittemore"	"Abel Arvizú"	NA	NA	NA
"ICUS1960"	"Wickramasinghe"	"Nalin Chandra"	NA	"B1939-01-20"	"B1939-01-20"
"ICUS1961"	"Wielemans"	"Willy"	NA	NA	NA
"ICUS1962"	"Wigner"	"Eugene Paul"	"B1902-11-17"	"B1902-11-17"	NA
"ICUS1963"	"Wijeratne"	"Bryan"	NA	NA	NA
"ICUS1964"	"Willard"	"Beatrice E."	NA	NA	NA
"ICUS1965"	"Willem"	"Jean-Pierre"	NA	NA	NA
"ICUS1966"	"Williams"	"Max L."	NA	NA	NA
"ICUS1967"	"Williams"	"Robley Cook"	"B1908-10-13"	"B1908-10-13"	NA
"ICUS1968"	"Williamson"	"David Theodore Nelson"	NA	"B1923-02-15"	NA
"ICUS1969"	"Huber"	"Margaret Holmes Williamson"	NA	NA	NA
"ICUS1970"	"Wilson"	"Andrew Murray"	NA	NA	NA
"ICUS1971"	"Wilson"	"Nancy Lee"	NA	NA	NA
"ICUS1972"	"Wilson"	"R. Ward"	NA	NA	NA
"ICUS1973"	"Wiltshire"	"Winthrop"	NA	NA	NA
"ICUS1974"	"Winings"	"Kathy"	NA	NA	NA
"ICUS1975"	"Winkler"	"Ruthild"	NA	NA	NA
"ICUS1976"	"Winston"	"Robert Maurice Lipson"	NA	NA	"?B1940-07-15"
"ICUS1977"	"Winterberger"	"Andreas Kaspar"	NA	NA	NA
"ICUS1978"	"Wisdom"	"John Oulton"	NA	NA	NA
"ICUS1979"	"Wittwer"	"Sylvan Harold"	NA	NA	NA
"ICUS1980"	"Wohlmuth"	"Paul C."	NA	NA	NA
"ICUS1981"	"Wojciechowski"	"Jerzy Antoni"	NA	NA	NA
"ICUS1982"	"Wold"	"Herman Ole Andreaas"	"B1908-12-25"	"B1908-12-25"	NA
"ICUS1983"	"Wolf"	"Stewart George"	NA	NA	NA
"ICUS1984"	"Wolfram"	"Eddie"	NA	NA	NA
"ICUS1985"	"Won"	"Woo-Hyun"	NA	NA	NA
"ICUS1986"	"Woo"	"Peter Kun Yu"	NA	NA	NA
"ICUS1987"	"Wood"	"Richard E."	NA	NA	NA
"ICUS1988"	"Woodard"	"Calvin"	NA	NA	NA
"ICUS1989"	"Woody"	"Susan Minot"	NA	NA	NA
"ICUS1990"	"Wool"	"Ira G."	NA	NA	NA
"ICUS1991"	"Wren"	"George R."	NA	NA	NA
"ICUS1992"	"Wright"	"Paul Kenneth"	NA	NA	NA
"ICUS1993"	"Wuketits"	"Franz Manfred"	NA	NA	NA
"ICUS1994"	"Wyss"	"Peter"	NA	NA	NA
"ICUS1995"	"Xu"	"Lanxu"	NA	NA	NA
"ICUS1996"	"Xuto"	"Somsakdi"	NA	NA	NA
"ICUS1997"	"Vijil Tardón"	"Camilo"	NA	NA	NA
"ICUS1998"	"Yamaguchi"	"Hikoyuki"	NA	NA	NA
"ICUS1999"	"Yamamoto"	"Kenzo"	NA	NA	NA
"ICUS2000"	"Yamamoto"	"Makoto"	NA	NA	NA
"ICUS2001"	"Yamamoto"	"Nobuhito"	NA	NA	NA
"ICUS2002"	"Yamaori"	"Tetsuo"	NA	NA	NA
"ICUS2003"	"Yamazawa"	"Ippei"	NA	NA	NA
"ICUS2004"	"Yamazawa"	"Shingo"	NA	NA	NA
"ICUS2005"	"Yang"	"Zu-Zan"	NA	NA	NA
"ICUS2006"	"Yankov"	"Alexander"	"B1924-06-22"	"B1924-06-22"	NA
"ICUS2007"	"Yao"	"Xinzhong"	NA	NA	NA
"ICUS2008"	"Yaran"	"Cafer Sadık"	NA	NA	NA
"ICUS2009"	"Yazzie"	"Ethelou"	NA	NA	NA
"ICUS2010"	"Yeh"	"Si-Jung"	NA	NA	NA
"ICUS2011"	"Yehuda"	"Shlomo"	NA	NA	NA
"ICUS2012"	"Yi"	"Pyong-Do"	NA	NA	NA
"ICUS2013"	"Yilmaz"	"Huseyin"	NA	NA	NA
"ICUS2014"	"Yoo"	"Jong Youl"	NA	NA	NA
"ICUS2015"	"Yoo"	"Kyung-Jin"	NA	NA	NA
"ICUS2016"	"Yoon"	"Se-won"	NA	NA	NA
"ICUS2017"	"Yoshida"	"Natsuhiko"	NA	NA	NA
"ICUS2018"	"Yoshimura"	"Toru"	NA	NA	NA
"ICUS2019"	"Young"	"Hewitt Hartley"	NA	NA	NA
"ICUS2020"	"Yovel"	"Yirmiahu"	NA	NA	NA
"ICUS2021"	"Yu"	"Timothy"	NA	NA	NA
"ICUS2022"	"Yuize"	"Yasuhiko"	NA	NA	NA
"ICUS2023"	"Yura"	"Shigeru"	NA	NA	NA
"ICUS2024"	"Zadeh"	"Lotfi Asker"	NA	NA	NA
"ICUS2025"	"Zahedi"	"Hamid"	NA	NA	NA
"ICUS2026"	"Zaim"	"Sabahaddin"	NA	NA	NA
"ICUS2027"	"Zaleski"	"Casimir Pierre"	NA	NA	NA
"ICUS2028"	"Zallen"	"Harold"	NA	NA	NA
"ICUS2029"	"Zaman"	"M. Raquibuz"	NA	NA	NA
"ICUS2030"	"Zamora"	"Mario Dimarucut"	NA	NA	NA
"ICUS2031"	"Zapotoczky"	"Klaus"	NA	NA	NA
"ICUS2032"	"Zebroski"	"Edwin Leopold"	NA	NA	NA
"ICUS2033"	"Zediker"	"Phillip L."	NA	NA	NA
"ICUS2034"	"Zeh"	"Heinz Dieter"	NA	NA	NA
"ICUS2035"	"Zelvys"	"Rimantas"	NA	NA	NA
"ICUS2036"	"Zettersten"	"Arne"	NA	NA	NA
"ICUS2037"	"Zhao"	"Ruan Jin"	NA	NA	NA
"ICUS2038"	"Zhou"	"Wenzhang"	NA	NA	NA
"ICUS2039"	"Ziade"	"Maan"	NA	NA	NA
"ICUS2040"	"Zichichi"	"Antonino"	NA	"B1929-10-15"	NA
"ICUS2041"	"Zippe"	"Gernot"	NA	NA	NA
"ICUS2042"	"Zolla"	"Elemiré"	NA	NA	NA
"ICUS2043"	"Zoppo"	"Ciro Elliott"	NA	NA	NA
"ICUS2044"	"Zraket"	"Charles A."	NA	NA	NA
"ICUS2045"	"Zucker"	"Alexander"	NA	NA	NA
"ICUS2046"	"Fells"	"Ian"	NA	NA	NA
"ICUS2047"	"Gomez Azcarate Ramirez"	"Elias"	NA	NA	NA
"ICUS2048"	"Kogane"	"Yoshihiro"	NA	NA	NA
"ICUS2049"	"Pournelle"	"Jerry Eugene"	NA	NA	NA
"ICUS2050"	"Kurasha"	"Jameson"	NA	NA	NA
"ICUS2051"	"MacCormick"	"Neil"	NA	NA	NA
"ICUS2052"	"Machida"	"Yutaka"	NA	NA	NA
"ICUS2053"	"Sivaraman"	"Krishna"	NA	NA	NA
"ICUS2054"	"Turner"	"Frederick Clair"	NA	NA	NA
